:020000040800F2
:10000000C8FC01206D020008D56B000809580008E3
:10001000D16B0008A1130008B1AF00080000000078
:10002000000000000000000000000000B16E0008A9
:10003000ED13000800000000F16B0008E16E0008FD
:10004000870200088702000887020008870200086C
:10005000870200088702000887020008870200085C
:10006000870200088702000887020008A51300081D
:10007000B113000887020008BD130008C913000867
:10008000D5130008E1130008870200088702000862
:10009000870200088702000887020008870200081C
:1000A000870200088702000887020008870200080C
:1000B000D16F000811700008517000088702000815
:1000C00087020008870200088702000887020008EC
:1000D000870200088702000859790008657900083E
:1000E000F1130008870200088702000891710008D8
:1000F000E9710008DD710008870200088702000826
:100100008702000887020008917000088702000833
:1001100087020008B973000887020008D170000840
:10012000870200088702000887020008870200088B
:10013000870200088702000887020008870200087B
:10014000870200088702000887020008870200086B
:1001500087020008870200088702000875790008F6
:10016000870200088702000887020008870200084B
:1001700087020008DD6B000887020008000000000D
:10018000870200088702000800F002F800F05FF81C
:1001900014A696E8000CB244B344DA4501D100F04D
:1001A00056F8BAE80F000FA696E83000A5EB040554
:1001B00004EB0607AAEB0704A7F101074FEA1515A0
:1001C0004FEA3414A4F10104AC4201D300F03FF82B
:1001D00013F0010F18BFFB1A43F0010300F001F800
:1001E000DBE718472C3E01005C3E0100103A24BFBB
:1001F00078C878C1FAD8520724BF30C830C144BF8C
:1002000004680C6070470000704700000023002461
:1002100000250026103A28BF78C1FBD8520728BF16
:1002200030C148BF0B607047642900F03181002065
:1002300070471FB513F036F89DE8030000F02AFB65
:1002400000F04AFD1FBD10B500F0AFFD10BD00F07D
:10025000E6FD1146FFF7EDFF0CF020FD00F04AFF30
:1002600003B4FFF7F0FF03BC0BF0E2F90948804745
:1002700009480047FEE7FEE7FEE7FEE7FEE7FEE788
:10028000FEE7FEE7FEE7FEE704480549054A064BA0
:1002900070470000B56F000889010008C8F401200C
:1002A000C8FC0120C8F60120C8F60120704770B5CF
:1002B000A0FB01400021D4F1FF3271EB00003CBFF4
:1002C000002070BD204600F014FB05001CBF214635
:1002D00000F038FA284670BD70B50446051F00F0DE
:1002E000BDFA0068002C14BF446870BD002C18BF14
:1002F000AC423CBF20466468F8D301680A18AA42A1
:1003000018BF456003D12A6805461144016028687A
:100310004119A1421CBF6C6070BD616869602168B1
:100320000844286070BD53EA020C00F069802DE992
:10033000F04B4FF00006002B1FBFB3FA83F503FA12
:1003400005F424FA05F65E4012BF1643B2FA82F5B0
:1003500002FA05F4C5F120051EBF22FA05FC44EAA5
:100360000C04203556EA044C4FEA144418BF641CB0
:100370004FF000084FF00009904271EB030C39D3A5
:10038000002919BFB1FA81F701FA07F6B0FA80F730
:1003900000FA07F6C7F120071EBF20FA07FC46EA5D
:1003A0000C062037B6FBF4FCA7EB0507103F07F05F
:1003B0001F0BCBF120062CFA06F60CFA0BFB44BF00
:1003C000B3460026202FA4BF5E464FF0000B5BEA29
:1003D000060C08BF4FF0010B19EB0B0948EB0608A0
:1003E000ABFB027C06FB02CC0BFB03CCC01B71EB0E
:1003F0000C01C1E70B46024641464846BDE8F08B7A
:1004000013B5084318BF4FF0FF300146AFF300802B
:10041000BDE81C40704700000FB41CB5074B06AA8E
:100420007B4469460090059800F0F1FA0020694687
:1004300000F000FB1CBC5DF814FB0000110600007E
:1004400070B5044685690068C10601D5302600E014
:100450002026C00707D070BDD4E90121304690475F
:10046000206A401C20626D1EF6D570BD70B5044632
:1004700085690078C00707D170BDD4E9012120202B
:100480009047206A401C20626D1EF6D570BD0000AA
:100490002DE9F0410646002410687529314616A55D
:1004A00010D0AFF30080002802DA404213A507E025
:1004B00031688A0701D512A502E0490704D511A5C4
:1004C000012401E0AFF3008000210A2206F1240795
:1004D00009E0B0FBF2FCB0FBF2F302FB1C00303091
:1004E00078541846491C0028F3D123462A46304642
:1004F000BDE8F04100F02CBA000000002D00000023
:100500002B000000200000002DE9F05F8946044622
:100510004FF0000ADFF824B1FB44C0F820A02046C9
:10052000E168884700287DD0252806D0D4E901213C
:100530009047206A401C2062F1E700255F46204674
:10054000E16888472028064607DB312E05D2B81916
:1005500010F8200C08B10543F1E7A80701D525F0F4
:100560000405C4F81CA00027C4F818A02A2E09D03E
:10057000304612F082FE38B304EB8708303EC8F8EC
:10058000186019E059F8041B204604EB87029161BA
:10059000E1688847012F064618D1E069002820DA73
:1005A00025F020051DE0D8F8180000EB800006EBD0
:1005B00040003038C8F818002046E16888470646F1
:1005C00012F05BFE0028EED1012F0AD02E2E08D1AA
:1005D0002046E16888477F1C0646022F45F020052B
:1005E000C4DBA069002803DA404245F00105A061A0
:1005F000E80701D025F01005A6B1A6F141001928A1
:1006000002D8203645F400654A463146204625602A
:100610004D46FFF709FE60B1012807D0ED1D25F01A
:10062000070000E007E000F1080978E705F1040998
:1006300075E730467AE7206ABDE8F09FA22D0100F9
:1006400010B5044603E012F01FFE401C09D014F858
:10065000010B05490028F6D1BDE810400A2012F030
:1006600013BE4FF0FF3010BDF4C0012010B5431C85
:1006700002E010F8011B71B18107FAD14FF001328D
:1006800002C88C1A8C4314EAC211F9D0C01A0A06A7
:1006900003D0C01E10BDC01A10BD0A0401D0801EB8
:1006A00010BD0902FCD0401E10BD032A40F230806C
:1006B00010F0030C00F0158011F8013BBCF1020FA3
:1006C000624498BF11F801CB00F8013B38BF11F824
:1006D000013BA2F1040298BF00F801CB38BF00F83B
:1006E000013B11F0030300F0AA81083AC0F0088032
:1006F00051F8043B083A51F804CBA0E80810F5E79C
:10070000121D5CBF51F8043B40F8043BAFF300807E
:10071000D20724BF11F8013B11F801CB48BF11F8F3
:10072000012B24BF00F8013B00F801CB48BF00F8C3
:10073000012B704702F0FF0343EA032242EA024220
:1007400000F024B84FF000020429C0F0128010F02D
:10075000030C00F01B80CCF1040CBCF1020F18BF9D
:1007600000F8012BA8BF20F8022BA1EB0C0100F030
:100770000DB85FEAC17C24BF00F8012B00F8012B03
:1007800048BF00F8012B70474FF0000200B5134638
:1007900094469646203922BFA0E80C50A0E80C50A1
:1007A000B1F12001BFF4F7AF090728BFA0E80C5052
:1007B00048BF0CC05DF804EB890028BF40F8042B4B
:1007C00008BF704748BF20F8022B11F0804F18BFB8
:1007D00000F8012B7047000030B44FF0013C50F896
:1007E000042B51F8043BCCFA52F4D51A20D1FCB9B1
:1007F00050F8042B51F8043BCCFA52F4D51A17D117
:10080000B4B950F8042B51F8043BCCFA52F4D51A81
:100810000ED16CB950F8042B51F8043BCCFA52F4C9
:10082000D51A05D1002CDAD030BC4FF0000070474B
:1008300029BAB1FA81F111F01801D1F120008440F8
:10084000F2D1CA40CB4012F0FF0213F0FF0330BCDC
:10085000D01A70477047704770477047004870471C
:10086000A4C10120704770477047704738B50446EF
:100870000A4600206946AFF30080002808BF38BD53
:1008800002460099204600F01BF9012038BD0120E6
:1008900000F0BEBAF8B5AFF30080054600200C4664
:1008A0000C2000BF0646A819A0420DD93246694661
:1008B0000020AFF30080070008BF00F0A9FA0098FD
:1008C000A04218BF0546C419FFF7C8FF05600746D8
:1008D000F01D20F007004619284600F0EBF8B4425E
:1008E00008BFF8BDA21B31463868BDE8F84000F0EB
:1008F000E7B870B50646FFF7B1FF056806F10B00D3
:1009000020F00704B4429CBF002070BD2B466A68EB
:10091000BAB11068A04210D304F1080188423CBF6C
:100920005068586007D35168101941601168091B5D
:10093000016058601460101D70BD13465268002A93
:10094000E7D121462846FFF791FF0028DED170BD90
:100950002DE9F0470D4699469246044600F12408D9
:100960000168880604D5E06921F01001216000E0EB
:100970000120A84201DD471B00E00027A1697A1988
:1009800002EB0900081AA0612078C00602D42046B4
:10099000FFF756FD002608E0D4E901211AF8060009
:1009A0009047206A401C761C20624E45F4DB20787C
:1009B000C0060AD52046FFF743FD06E0D4E9012131
:1009C00030209047206A401C2062381EA7F10107A2
:1009D000F4DC07E0D4E9012118F805009047206A0B
:1009E000401C2062281EA5F10105F3DC2046FFF71C
:1009F0003DFD2078000602D50220BDE8F0870120E9
:100A0000FBE7000001694A1C02610878704700B5E5
:100A10008FB0CDE901310021059105497944CDE937
:100A2000031011466846FFF76FFD0FB000BD0000D0
:100A3000E5FFFFFF0A6802F8010B0A60704710B576
:100A4000203AC0F00B80B1E81850A0E81850B1E887
:100A50001850A0E81850203ABFF4F5AF5FEA027CC6
:100A600024BFB1E81850A0E8185044BF18C918C0F6
:100A7000BDE810405FEA827C24BF51F8043B40F897
:100A8000043B08BF7047D20728BF31F8023B48BF7C
:100A900011F8012B28BF20F8023B48BF00F8012BBA
:100AA00070470000004870479CC101200048704713
:100AB0009CC1012000210160416070470C207047FB
:100AC000034640688C46002818BF88423CBF034656
:100AD0004068F8D318681844884207D00CF1030026
:100AE00020F00700001D411A521A0146081D0A6035
:100AF000FFF7F2BB2DE9F05F054617460C46C868C4
:100B000020F4201040F48000C860800602D508461A
:100B100000F031FAE06841F282014FF0FF3A014003
:100B2000022903D0204600F0C3F9B9E000F42041C7
:100B3000B1F5004F0FD1C00306D56168E06A884265
:100B400000D80846606006E02069E0626060606985
:100B50000AF070FDA061A0680022EEB200280DDA54
:100B6000E1688B050AD4C043A06041F49030226054
:100B7000E0606068411C61600670AAE0E068914630
:100B8000226040F40050E060206978BB60690AF0A0
:100B900053FD04F124054FF00108A8B1A08910F419
:100BA000407F08D0E069FFF7A4FE206118B1E0683B
:100BB00040F4006017E0C4F81C802561E06820F470
:100BC000407040F480600EE0E069FFF792FE00287C
:100BD0002061F0D0E06840F4006010F4407FE060F5
:100BE00002D140F48070E06020696060E0682569AF
:100BF0006FF0010BC1051ED56168E06A884200D81C
:100C00000846411B04D02246284600F05BF9E8BBA9
:100C10001FB1E562C4E9015959E0681CE0626060F7
:100C2000E069401EA060E06840F48030E06030463B
:100C30002E70BDE8F09F17B100F480320AE06068C2
:100C4000411C61600670E0680A2E40F48030E0606C
:100C500006D00022E16A6068814203D90B4602E0B7
:100C60000122F7E70346B4F80CC05B1B5FEA4C5C5B
:100C700004D4D4F81CC09C4500DD02B3814200D8E6
:100C80000146002BA1EB0008E56200E008E0C4E9A2
:100C9000015907DD22461946284600F013F908B12C
:100CA0005046C6E7B8F1000F09D0A169E56265605A
:100CB000A1EB0800A061E06840F01000E06047B1DF
:100CC0006168A069E562491B08446560A0615846F7
:100CD000AFE73046ADE7000010B542485421FFF7BA
:100CE00053FD41485421FFF74FFD40485421FFF781
:100CF0004BFD3F493B483C4A3F4B08603D490A6039
:100D00003A491960531C0365481C106501200865A9
:100D10003B48344A39A1784400F04EF920B93848AC
:100D200078440A3800F0F4F937482F4A35A178445E
:100D300000F042F920B9344878440A3800F0E8F964
:100D400032482A4A2FA1784400F036F920B92F48BA
:100D500078440A3800F0DCF940232248DC00002106
:100D6000224600F081F820B125487844543800F03C
:100D7000CFF91D4822464023002100F075F820B12C
:100D800021487844543800F0C3F91848224610230B
:100D9000002100F069F8002806D01C487844BDE81E
:100DA0001040563800F0B4B910BD104870B5006D51
:100DB00020F001040B4800F077F90B4800F074F9BB
:100DC0000A4800F071F909E0206D20F00105204685
:100DD00000F06AF92046FFF77FFA2C46002CF3D189
:100DE00070BD0000A0C00120F4C0012048C1012056
:100DF00000C0012004C0012008C0012072000000D2
:100E0000E625010077000000D5250100AE25010090
:100E100010B500F085F9BDE8104000F074B97546D2
:100E2000FFF740FEAE4605006946534620F0070036
:100E3000854618B020B5FFF727FABDE820404FF0EF
:100E400000064FF000074FF000084FF0000BAC46D3
:100E5000ACE8C009ACE8C009ACE8C009ACE8C0091E
:100E600021F007018D46704770B5C468A50713D0FF
:100E7000650211D4B2F5807F09D0B2F5007F06D0AB
:100E8000B2F5806F08D1012300F1240106E05D1E58
:100E90006FF07F46B54201D3012070BD0161C3618F
:100EA000416024F470611143C160002070BD0000F6
:100EB000C16821F4001141F08001C160002181600E
:100EC000016070472DE9F74F15460C464FF0FF3B88
:100ED0003848D768D2F814A0074209D05046A9690B
:100EE0000AF0E2FB002819DB3248C0430740EF60FC
:100EF0004FF000496FF000484C4501D3464600E0F2
:100F0000264600993B46504632460AF0D1FBA96975
:100F100020F00042B21A1144A96128B12846FFF717
:100F2000C7FF5846BDE8FE8FA41BE5D10020F9E7B6
:100F300070B504460569C06A6168884200D80846F1
:100F4000E16821F42011E160C90312D5A84208D05C
:100F50002246411B2846FFF7B5FF10B14FF0FF3086
:100F600070BD0020E562C4E90150E06820F48030E3
:100F7000E060002070BD10B50446C06820F020007D
:100F8000E060A16AA06988420DD02046FFF7D0FF3B
:100F9000E06820F4405040F01000E060A06AA061DA
:100FA0002069E062606044F24001E0688843E060EC
:100FB00010BD0000100002002DE9F0410C4616465D
:100FC000070047D0104600F06FF82078611C6128B8
:100FD0000AD0722802D077283CD102E001250024F3
:100FE00005E00225042402E0082448F2020511F875
:100FF000010B2B2806D0622809D011F8010C7428A7
:101000000AD00BE045F0030544F00204EFE745F099
:10101000040544F00104EAE744F010043846214690
:101020000AF012FB411C15D00021316171604FF4B0
:101030000071F560F1617061200704D5304602222D
:10104000002100F095F8306D40F001003065304629
:10105000BDE8F0810020FBE72DE9F0410D46064692
:10106000104C206DC10704D0410804D020F00104C9
:10107000F7E722460EE05420FFF73BFC07000ED0B6
:10108000206D47F001010843542120653846FFF7E1
:101090007BFB3A4629463046BDE8F0418CE700200C
:1010A000D6E70000A0C001202DE9F04704464FF02C
:1010B000FF380026C568D4E90497A80718D0204651
:1010C000FFF736FF38460AF0A9FA002800DA46464C
:1010D000280502D54846FFF7FFF84C212046FFF7C8
:1010E00053FB206D20F0010020653046BDE8F087FD
:1010F0004046FBE710B50446AFF300802046BDE84C
:101100001040FFF7ADB8002801D00AF091BA70473F
:1011100010B500F0C3F8BDE81040FFF7F4BF0000C1
:1011200010B5012805D0002103A000F09DF8012092
:1011300010BD09A1F8E7000053494752544D454DF1
:101140003A204F7574206F662068656170206D6568
:101150006D6F7279000000003A2048656170206D63
:10116000656D6F727920636F72727570746564005B
:101170002DE9F041044616460D464769007B80077D
:101180002ED038460AF058FA50BB3EB3012E02D09A
:10119000022E25D104E0204600F09AF805441DE017
:1011A00038460AF047FAE168002841F01001E16092
:1011B00005DA2046FFF77CFE0120BDE8F081C90377
:1011C0000BD56268E16A914200D81146A2691144C8
:1011D0002269891A814200DD08460544002D01DAA2
:1011E0000220EAE7E16A6068E268814206D2910380
:1011F000E06203D522F4003141F01002A669002715
:10120000AE4213DCE16A814201D90B4600E003469D
:1012100003EB060C2369ACEB030CAC4506DD814205
:1012200001D98C4600E084469C4505D1A760276023
:1012300042F02000A5620DE0AD1BE669AE1B8142C5
:10124000A66000D90846C01A281A206058196060A4
:1012500022F0200003490840E060002084F8487034
:10126000ABE70000BFCFD7FF70B505460C460A209C
:1012700000E06D1C0AF03EFA35B128780028F8D15C
:1012800002E0641C0AF036FA14B120780028F8D184
:10129000BDE870400A200AF02DBA000010B50146E2
:1012A00002A0FFF7E1FF012010BD000053494752A3
:1012B000545245443A2052656469726563743A2019
:1012C00063616E2774206F70656E3A200000000025
:1012D00010B50146C268900703D0900607D5886A0A
:1012E0000AE0FFF7E3FB01210160881E10BD8B6956
:1012F000486818440B69C01A91F848301BB191F83E
:101300004910401A10BD1103FCD50028FADD401E1B
:1013100010BD00000146C06B036C026C13F0500F4F
:1013200008D0D20648BF00F019B9806B026D08469C
:10133000104700BF42F40071016401688A6812F02E
:10134000405F01D000F006B98269002AFAD1CA6A6A
:1013500012F4700F02D08A685205F3D44A6822F062
:1013600020024A60016C21F480710164016CC9049F
:1013700048BF00F0EFB8016C41F00101016400F0DA
:10138000E9B80000C06B40210164416C41F00401E8
:10139000416400F0E3B80000C06B00F0DDB800006D
:1013A000FEE700004DF25800C2F2010000F02EBB33
:1013B0004DF28410C2F2010000F028BB4DF2E8109B
:1013C000C2F2010000F022BB4CF6F470C2F2010040
:1013D00000F01CBB4DF2BC00C2F2010000F016BBD5
:1013E0004DF22010C2F2010000F010BB7047000067
:1013F00043F61440C4F201000168C90458BF7047A5
:101400004FF4805101604CF20820C2F201000068E4
:101410000CF0CAB972B600BFFEE7000070B581B02B
:1014200000220092C26B012A02D1022001B070BDDD
:10143000D1F800E001221FFA8EFC4FEA4C03C26390
:101440000EEB4E0213FA8EF31024BEF1090F88BF83
:10145000A3F11E0288BF0C24036807251E5995407E
:1014600026EA05051D518D681E5905FA02F2324320
:101470001A514968062907D801EB81014A1F19460C
:1014800051F8345F0FE000BF0C2901EB810105D852
:10149000A1F12302194651F8305F04E0A1F14102A5
:1014A000194651F82C5F1F24944025EA04040C606F
:1014B0000CFA02F20C6842F2043CC4F2010C224322
:1014C000ACF54174A3420A603ED1BEF1120F07D1C0
:1014D000DCF8001041F48001CCF8001034E000BFCB
:1014E0002EF0010110292FD1DCF80010BEF1100FF1
:1014F00041F40001CCF8001026D14CF26401C2F294
:10150000010109684DF68362C4F21B32A1FB02128D
:10151000910C01EB8101490000910099A1B1009962
:1015200001390091009979B1009901390091009930
:1015300051B1009901390091009929B100990139FF
:10154000009100990029EAD10021C163002001B077
:1015500070BD000070470000704700007047000039
:10156000002804BF0120704710B5016C00293DD050
:10157000016CC90644D4016C41F20212914302315C
:1015800042F204320164C4F20102116821F44031D4
:101590001160136890E812102343D0F810E0136034
:1015A0004A68012422F480724A604A68C0F60074D6
:1015B00042EA0E224A604A6822F040724A604A6853
:1015C00042EA0C024A608A6822F400628A60C268B9
:1015D0008B681A438A60826A8B68A24223F0706328
:1015E0008B608B680ED123F0405214E0044600F06B
:1015F00063F8204600216164E163016CC906BAD535
:10160000012152E01A438A608A6822F040528A60BF
:10161000C26A8B681A438A608A6822F002028A6072
:101620008A688369046A42EA43028A604A688CB124
:1016300042F400624A604A684EF2000322F46042BB
:101640004A60426ACFF6FF734C6803EB4232224392
:1016500002E000BF22F400624A60CA6A40F2000C55
:1016600022F47002CA62C369D0F814E0046BCFF6AA
:10167000F07CCA6A0CEB03531A43CA628A680123DE
:1016800022F400728A608A6842EA44228A608A6888
:1016900022F480628A608A6842EA8E228A6000218F
:1016A0004164026C63F3010202640022C263BDE87C
:1016B000104008467047000070B586B0044642F2FC
:1016C00000002168C4F20100002681420596CDE9A0
:1016D00003660296019601D006B070BD43F6300154
:1016E0000096C4F202014A6900F5644042F4807237
:1016F0004A614A6902F480720092009A00960A6870
:1017000042F002020A60096801F0020100910099AA
:10171000012101910321CDE9021601A900F05CFB32
:101720004CF6907546F21040C2F20105C4F2020078
:101730004FF48061C5E9000605F110004FF4006226
:101740004FF400534FF4807C80E80E102846C5E922
:101750000266C5E9086600F031FA002818BFFFF7F5
:1017600059FEA563EC6306B070BD0000B0B582B051
:1017700000230193C36B012B02D1022002B0B0BD44
:101780008E4601230168C3638B689446DB072AD128
:101790008B684DF6836443F001038B604CF2640365
:1017A000C2F201031B68C4F21B34A3FB0434A30C74
:1017B00003EB43030193019BABB100BF019B013BD2
:1017C0000193019B7BB1019B013B0193019B53B1B1
:1017D000019B013B0193019B2BB1019B013B0193B9
:1017E000019B002BEAD18B68DB0503D58B6823F4C2
:1017F00080738B608C68036CE4070BD143F010019D
:10180000016444300121026811430160002002B0EC
:10181000B0BD00BF40F20174A34303F580730364BD
:101820004B685B0504D5036C012464F30D3303643A
:10183000046C0023E4044FF0000444BF446C24F023
:1018400006044464C363836B41F2153441F2993258
:10185000C0F60004C0F60002C3E9104241F285322E
:10186000C0F600021A656FF022020A604A6842F26E
:10187000043442F080624A608A68054642F480720D
:101880008A604C31184672466346C4F2010400F087
:101890003FFA21682868C90606D0A4F5417188423C
:1018A00026D0002002B0B0BD42F20001C4F2010116
:1018B000884215D042F20021C4F2010188420CD0C6
:1018C00042F20011C4F201018842EAD12168C9063E
:1018D00006D0A4F582718842E3D12168C906E0D41C
:1018E00050F8081F11F0405FDBD14FF080418AE7CC
:1018F0004FF60451CFF6FF71615811F0405FD0D11F
:1019000008304FF080417EE7002804BF0120704777
:10191000816819B1012181600020704710B5002154
:101920004160044600F008F82046BDE8104001215F
:10193000816000207047000043F63001C4F20201CC
:101940000068A1F50362904218BF704781B0002083
:101950000090086840F480500860086800F48050E7
:101960000090009801B0704770B5C66D044600F055
:101970000FFBA16B022925D105462068616C026826
:1019800022F016020260426922F08002426109B927
:10199000E16C19B1016821F008010160016821F0D2
:1019A0000101016020680068C00711D000F0F0FA62
:1019B000401B0628F6D32020A0650320A063002149
:1019C000616370BD8020A06501200021616370BD4E
:1019D000206E3F2101FA00F0B0600120A0630020DA
:1019E0000021616370BD0000816B022908D10521CF
:1019F00081630068016821F00101016000207047E7
:101A00008021816501207047806D7047F0B581B0FD
:101A1000002100914CF26401C2F201010B68D0E98F
:101A2000176148F2B51537680822C1F64E358A406D
:101A30003A42A3FB05350CD003681C68640708D53F
:101A40001C6824F004041C60B260826D42F0010244
:101A5000826501228A403A4208D003685B691B060E
:101A600004D5B260826D42F00202826504228A408F
:101A70003A4208D003681B689B0704D5B260826DA8
:101A800042F00402826510228A403A4219D001686D
:101A90000B681B0715D5B2600B680A685B0309D495
:101AA000D20509D40A6822F008020A60416C29B9FB
:101AB00007E000BF11033BD4416C11B104468847D5
:101AC0002046026E202101FA02F33B423DD001681C
:101AD0000F68FF0639D5B360876B0B68052F19D1E6
:101AE00023F016030B604B6923F080034B61436CBA
:101AF0000BB9C36C1BB10B6823F008030B603F21CB
:101B00009140B16001218163416D0022002942634F
:101B10004ED151E00A685B030ED4D20510D40A6896
:101B200022F010020A60012181630021416307E075
:101B3000C16C0029C2D1C4E7110301D4816C00E05B
:101B4000016C11B1044688472046816DA1B3816DB7
:101B5000C9072BD0052181630168AA0A0B6823F00D
:101B600001030B60009B0133934200931AD80B686A
:101B7000DB0717D0009B01339342009312D80B6808
:101B8000DB070FD0009B0133934200930AD80B6808
:101B9000DB0707D0009B01339342009302D80B6808
:101BA000DB07DFD10121816300214163016D19B1A0
:101BB00001B0BDE8F040084701B0F0BD2DE9F041AB
:101BC000044600F0E5F9CCB105460220A0630020F0
:101BD00021686063086820F00100086021680868D7
:101BE000C0070FD000F0D4F9401B0528F6D9032513
:101BF00020230320A365A563BDE8F0810120BDE893
:101C0000F08100BF086848F23F02CFF21002D4E929
:101C1000013500EA020C04F10C0898E8C10143EA1E
:101C20000C032B431843D4E9072E304338431043A9
:101C3000626A40EA0E00042A40EA08031CD1206BC5
:101C4000D4E90A2E40EA0E00184308604869BEF144
:101C5000000F20F0030040EA020040F0040C11D015
:101C6000B8F5005F34D0B8F1000F43D1022A44D058
:101C7000012A39D032B940E00B60486920F00700F2
:101C800040EA020C01F0F8004AF6AB221038CAF61E
:101C9000AA22A0FB02231A0943F2C043C1F814C0D0
:101CA000C0F601039A5C40F2FF335F284FF03F001B
:101CB00021EA030100FA02F088BF0431C4E91712D7
:101CC0008860012500230020A365A563BDE8F0819D
:101CD000032AD7D8012540230120DFE802F0030EB4
:101CE000030500BF86E700BFAEF1C070B0FA80F018
:101CF000400904E0032A04D3C4D1CEF300600028D5
:101D0000C0D0012540230120A365A563BDE8F08173
:101D1000D0F834C0BCF1010F04BF0220704770B589
:101D20004FF0010CC0F834C0D0F85CE0D0F838C0F7
:101D3000BCF1010F38D14FF0020CC0F838C04FF0A1
:101D4000000CC0F858C0D0F800C08468456C006E24
:101D5000DCF80060402C26F48026CCF80060CCF83B
:101D600004300B4604BF13460A463F2101FA00F037
:101D7000CCF80830CCF80C20CEF80800DCF80000D5
:101D800040F01600CCF800002DB1DCF8000040F067
:101D90000800CCF80000DCF8000040F00100CCF8AE
:101DA0000000002070BD00BF00214163022070BD13
:101DB000B0B5044600F0ECF805464CF20C00C2F257
:101DC00001004068611C18BF044400BF00F0E0F847
:101DD000401BA042FAD3B0BD2DE9F04F83B000F113
:101DE000200200F13E4741F60045009207F1FF77DF
:101DF000C4F2020508224FEAB726A84208BF07220C
:101E000000254FF000084FF00009072E38BF4FEAB9
:101E1000B72201920AE000BF09F1010908F10208A6
:101E2000B9F1100F05F1040500F0A2800F6801223E
:101E300002FA09FE17EA0E0AEED0D1F804C0032216
:101E40000CF003077E1E02FA08F4012E6FEA040B61
:101E500012D88468CE6804EA0B0406FA08F6344304
:101E60008460446824EA0E06CCF3001404FA09F4F2
:101E70002643466004E000BF032F01D103271EE084
:101E8000C6688C6806EA0B0604FA08F42643022F9B
:101E9000C66014D16FF00302009E02EA590756F89B
:101EA00007C005F01C040F220B69A2402CEA0202B5
:101EB000A3401A43F251D1F804C00CF003070268A2
:101EC00007FA08F302EA0B021A431CF4403F0260CF
:101ED000A2D0002243F644030292C4F202031A681D
:101EE00043F6004442F480421A601A68C4F20104C6
:101EF00002F480420292029A29F003024FF6084C43
:101F00002244CFF6FF7C52F80C3005F00C070F2668
:101F1000BE40B343019E06FA07F73B4342F80C303C
:101F2000A2684B6842EA0A0743F60C4CDE0258BF2F
:101F300022EA0A07A760C4F2010CDCF800209E0226
:101F400042EA0A0758BF22EA0A07CCF80070626822
:101F50009E0342EA0A0758BF22EA0A07676022681E
:101F6000DB0342EA0A0758BF22EA0A07276053E761
:101F700003B0BDE8F08F00000069084018BF0120E1
:101F800070470000002A08BF090481617047000003
:101F90004FF2CC10C2F2010000687047D0F8200464
:101FA00006F0A6BED0F8200406F0B8BE006807F020
:101FB000B3BC0000006807F0B3BC000000EB811068
:101FC000C06C704700EB8110806B7047D0F8142410
:101FD000012A04BF0220704710B502680123C0F82F
:101FE00014340446104607F0ABFC0020C4F8140477
:101FF00010BD00002DE9F04F83B00446D0F8140462
:10200000012803D1022003B0BDE8F08F012004EBCA
:10201000811BC4F814040BF8143F02F07F008BF806
:102020000200D009DDE90DA58BF803002068002629
:1020300098468BF8056089468BF801108BF812A042
:10204000ABF806601746ABF8106007F069FCBAF110
:10205000010F0DD1BC2D294628BFBC2100280C98AA
:1020600018BF2946012808BF0D46014601E000BF00
:102070000C9920688BF80410ABF81450CDE9001AC5
:1020800049463A464346029507F01CFDC4F81464DD
:1020900003B0BDE8F08F0000D0F8200406F0BEBE0B
:1020A0002DE9F0410DF1180E9EE84041099D00EB2D
:1020B00081178C4607F11401FA75002E87F8263037
:1020C00006BF4D71032502258D75032B4FF00005CA
:1020D00017D80027DFE803F00614020252B191F886
:1020E000282009E0012E0CD1D2B18A79012AF6D03C
:1020F00007E000BF91F82920002A18BF01225700ED
:102100008F7503688279C1F81880C1E908E581F804
:1021100001C08D631846CD63BDE8F04107F06ABD8C
:10212000BEF1000F06D091F82920002A18BF02271F
:10213000E6E700BF012281F829200227E0E700003E
:102140002DE9F04F83B006680446304607F0F4FBF3
:10215000012840F08F84206808F060F8002800F023
:102160008984206808F05AF801462068890244BF33
:102170004FF40011416108F051F801462068C9028E
:1021800044BF4FF48011416108F048F801462068CF
:10219000490144BF4FF08061416108F03FF80146BA
:1021A0002068890744BF0221416108F037F80146E1
:1021B0002068890018D54FF000514161D6F84014CD
:1021C000C90711D13046102107F046FB304607F011
:1021D000E3FA607A022803D12068012107F0F6FFB4
:1021E0002046FFF7DFFE206808F018F82568C001D8
:1021F0001CD5D5F840040290D5F840040190019810
:1022000020F02E0001900298800700F1DD830298F3
:10221000000700F1E7830298800603D5019840F09B
:10222000200001900198C5F840042568284607F071
:10223000F5FF000702D4206806E000BF204600F04A
:10224000BBFC20680821416107F0E8FF01462068D7
:10225000890140F1958307F0C9FC6179002900F0FC
:102260008B83804606F5A06B4FF0000A4FF0000903
:10227000CDF800B013E000BF0AEB07004FF4007187
:10228000C0F80815206800BF314607F059FB607997
:1022900009F1010981450AF1200A80F06D8309F0F6
:1022A0000F0028FA00F0C007F1D05BF80A50276849
:1022B0005FFA89F63846314607F0A8FF29044FEA4D
:1022C000407065D4002800F181802068314607F015
:1022D0009DFF800600F18A802068314607F096FF56
:1022E0008005C9D42068314607F090FFC00740F050
:1022F000B1802068314607F089FF400600F1C281B5
:102300002068314607F082FF000700F1EB8120686A
:10231000314607F07BFFC00600F1EE8120683146B0
:1023200007F074FF000600F189822068314607F04B
:102330006DFF400500F196822068314607F066FF88
:102340008007A4D50AEB07010220C1F8080504EBB9
:102350004A00026D013A082A99D8DFE812F0B50266
:102360000900AB02D902EB02EF020B0009000B00DF
:102370008DE700BF426C02230132032A03654264E9
:10238000C0F0BC82002104224164C26428E200BF84
:10239000002827D42068314607F038FFC00551D403
:1023A0002068314607F032FF00074FD420683146DD
:1023B00007F02CFF40056FD42068314607F026FF58
:1023C000000678D5072180206AE000BF0AEB0700ED
:1023D0000421C0F80815206804EB4A0107220A65A9
:1023E00052E700BF072104205AE000BF0AEB0700B4
:1023F0002021C0F8081504EB4A05687E012809D1A0
:1024000000206876206802210322C5E913123146B4
:1024100007F096FAA87E01287FF439AFE87E0028FD
:102420007FF435AF95F82600032101281CBF012059
:10243000E87620682965314607F082FA0020686452
:1024400025E700BF08214FF4807029E0062108200D
:1024500026E000BF04EB4A0520680021696431468C
:1024600007F0D4FE400606D5012068760AEB070087
:102470004021C0F80815E87E002800F029810020DE
:10248000E8760AEB0701D1F8042501F5A06022F4F3
:102490008032C1F804251FE109214FF4806000BF9C
:1024A0000AEB0702C2F8080504EB4A02206811652E
:1024B000314607F045FA2068314607F0A7FE01468D
:1024C0002068890536D4314607F0A0FEC0073BD10D
:1024D0002068314607F09AFE800600F17B80206874
:1024E000314607F093FE800700F19E802068314658
:1024F00007F08CFE400600F1D9802068314607F0D5
:1025000085FEC0067FF5C3AE04EB4A0595F82600AC
:10251000002818BF022840F06981A07900284FF0F8
:102520000000686400F06681E87E012800F06281A6
:1025300066E100BF314607F003FA0AEB07004FF4EB
:102540000071C0F80815A2E60AEB070B2020CBF8B3
:10255000080504EB4A07F87E012807D10020F87629
:10256000DBF8040520F48030CBF80405A07930B105
:10257000386BDBF810156FF3DF41401AB8630121A7
:10258000002039657864CBF8081597F826000328F1
:102590000BD8DFE800F0032F032F00BF206831467F
:1025A00007F0CEF91020CBF80805A079012831D129
:1025B000B86B398DDDF800B008440138B0FBF1F09C
:1025C000C0073FF464AE97F83C0080F0010087F844
:1025D0003C005CE60AEB07002021C0F8081504EB7C
:1025E0004A01887E01287FF452AE0120C876206817
:1025F0000322F4E6DBF80005314640F00050CBF84A
:1026000000050120F86420460122FFF745FDA0796E
:102610000128CDD097F83C00DDF800B080F0010033
:1026200087F83C0033E600BF0AEB07010220C1F83F
:10263000080504EB4A00026D013A082A00F2CF8037
:10264000DFE802F0BE068AAE72C208C6080000BF0C
:102650001DE600BF426C02230132032A0365426477
:10266000C0F09A80827E012A4FF00002426440F05E
:10267000B480A0F81B20D1F8042522F48032C1F8E0
:102680000425AAE004EB4A01887E002200284FF0CE
:102690000500086504BF0120487620684A64314679
:1026A00007F04EF90AEB070040214AE70AEB070062
:1026B0004021C0F8081504EB4A00817E00294FF044
:1026C0000501016504BF002141642068DCE500BF0D
:1026D0000AEB070000F5A0600121816020682965F0
:1026E000D2E500BF0AEB07000821C0F808152068F2
:1026F00004EB4A01062272E604EB4A00417E002206
:1027000000294FF004014264016504D1017E0029D3
:1027100004BF012141762068314607F011F90AEB28
:10272000070010210DE700BFC27E0223012A0365C6
:1027300055D190F82620032A36D1826C0132032A23
:102740008264C0F0B580426C00238364022AC376A1
:102750009CBF012202778EE7C27E0223012A036515
:102760003DD1C364D1F8042542F48032C1F8042578
:10277000D1F80C2542F04002C1F80C25D1F80C2507
:1027800022F02002C1F80C2590F8262042F0020227
:10279000022A0ED023E000BF90F8262004E000BFFC
:1027A00090F826200223036542F00202022AC36445
:1027B00015D1D1F8002563F39F72C1F800250EE012
:1027C00002210165012109E002210165052105E0E1
:1027D000416C02220131026541640421C164C26C72
:1027E00020463146FFF758FC51E500BF032807D1CA
:1027F00000206864206804212965314607F0A0F8AC
:10280000E87E012812D10020E8760AEB0701D1F812
:10281000040520F48030C1F80405D1F80C2501F539
:10282000A06042F02002C1F80C2503E00AEB07008B
:1028300000F5A0601021816029E500BFA079F8B102
:1028400004EB4A00416C01310329416422D3002189
:1028500041640421C164204631460422FFF71CFC78
:1028600022E000BF04EB4A01206809220A653146D4
:1028700007F066F80AEB07004FF4806161E600BFDD
:1028800004EB4A01206807220A65314607F058F830
:102890000AE000BF0222C2640AEB0700D0F800156C
:1028A00062F39F71C0F800150AEB0700802148E62B
:1028B000C36494E7C17E01294FF0020101657FF4F2
:1028C0008EAF0222C2648BE70221016590F82610C8
:1028D000012201F0FE010229C2647FF481AFA179D7
:1028E000012931D0002943D190F83D10DDF800B026
:1028F00081F0010180F83D1072E700BF0222C2643E
:10290000D1F8000562F39F70C1F8000568E700BFC9
:10291000C37E0222012B0265C2647FF461AF0022F4
:10292000C276D1F80405022220F48030C1F80405F3
:1029300056E700BF0222C0E9132251E70221052217
:102940000165C2644CE700BF416B89B1028D11443F
:102950000139B1FBF2F1C90705D090F83D1081F0C3
:10296000010180F83D10DDF800B0012238E700BF1A
:10297000DDF800B034E700BF20684FF0007141611E
:1029800007F04CFCC00675D52568A86920F010003A
:10299000A861286A00F4F011B1F5802F65D1C0F369
:1029A0000A16002E61D000F00F0804EB8810C16AEF
:1029B00000295AD000F11407D7E9080232448242B4
:1029C00030D90420B86350E00298C00702D02046F6
:1029D000FFF7E4FA019840F0020001900298000726
:1029E0007FF519AC019840F008000190029840076B
:1029F00008D4204600F0D4F8029880063FF50EACCB
:102A0000FFF710BC607A022838D1029800F4C02188
:102A10002068B1F5802F14BF0121022107F0D6FBF9
:102A200033E000BF2846324607F0FCFBB869796AFC
:102A30003044B8618819786205EB4810D0F8101559
:102A4000BA8A964211D10022C1F6F87211400CD018
:102A500000F5A0600168022262F39F71016097F89F
:102A6000280080F0010087F828002068816941F083
:102A70001001816103B0BDE8F08F00BFE07901284B
:102A800004BF4EF66020C5F80404204600F08CF820
:102A9000029880063FF5C2ABFFF7C4BB002804BF15
:102AA00001207047B0B582B004460568D0F818041C
:102AB00028B90020C4F81404204600F035F803209B
:102AC000B5F1A04FC4F8180404BF0020A07120681D
:102AD00006F02CFE94E80F00257C009506F01CFD06
:102AE00030B101200221C4F8181402B0B0BD00BFFB
:102AF0002068012107F00CFC30B102210120C4F84C
:102B0000181402B0B0BD00BF94E80F00257C0095FA
:102B100007F0ECF9012100281CBF02210120C4F8B4
:102B2000181402B0B0BD0000B0B586B00068002136
:102B3000C4F2040100248842CDE90444CDE90244F2
:102B4000019401D006B0B0BD43F630050094C4F244
:102B50000205286801A940F002002860286800F0FA
:102B60000200009000984FF4404001900220CDE90F
:102B70000204032004900C20059040F20040C4F2AF
:102B80000200FFF729F90094286840F000502860FF
:102B9000286800F000500090009806B0B0BD00001A
:102BA000D0F8200406F062B9D0F8200406F062B92B
:102BB000006807F08DBB0000D0F8200406F0E8B8EC
:102BC000D0F81414012904BF0220704710B5016821
:102BD0000122C0F8142404460846012106F0AEFD87
:102BE000206806F0D1FD0020C4F8140410BD0000D8
:102BF000D0F81414012904BF0220704710B50168F1
:102C00000122C0F814240446084607F035FD0020D0
:102C1000C4F8140410BD0000002804BF0120704750
:102C2000B0B504460068D4E901124CF6CC43036009
:102C300045F25553036041608260FFF7A9F92168AE
:102C4000CA68920710D0054603E000BFC868800735
:102C50000AD0FFF79DF9401B21683228F6D3C868D7
:102C60008007F3D00320B0BD4AF6AA2008600020F8
:102C7000B0BD000001684AF6AA2200200A60704731
:102C80004CF20C004FF2CC11C2F20100C2F2010171
:102C900040680A68104408607047000080B543F639
:102CA0000040C4F20200016841F400710160016853
:102CB00041F480610160016841F48071016003208A
:102CC00000F0C0F80F2000F005F800F05DF80020DB
:102CD00080BD000070B586B0002543F64001019527
:102CE000C4F202010A68044642F480720A6009686C
:102CF00001A801F4807101910199694600F06CF915
:102D0000049E002E18BF012600F086F94DF683615F
:102D1000B040C4F21B31A0FB01014FF0FF3000EBCB
:102D200091414DF6243042F20002C2F20100C4F299
:102D3000000240F2E733C0E90021C0E90253056117
:102D4000856100F02DFD08B106B070BD4DF6243050
:102D5000C2F2010000F03EFE0028F5D12D2000F067
:102D600035F80F2C0CD82D202146002200F03EF81B
:102D70004CF20C010020C2F201010C6006B070BDE3
:102D8000012006B070BD000082B0002043F6400173
:102D90000190C4F202014A6842F480424A604A68E3
:102DA00002F480420192019A00900868002240F0EB
:102DB0008050086008680F2100F080500090009853
:102DC0006FF0010002B000F011B80000002848BF09
:102DD000704700F01F01012202FA01F14EF20012C9
:102DE0004009CEF2000242F82010704710B54EF6AE
:102DF0000C5CCEF2000CDCF80030C3F3022E8EF037
:102E00000704042C28BF0424BEF103034FF0FF3E47
:102E10000EFA04F438BF0023A14399400EFA03F3DD
:102E20009A43114300F00F0200F160430901043A94
:102E300003F564436244002848BF02F10C03197093
:102E400010BD00004EF60C51CEF200010A684FF69C
:102E5000FF031A4060F30A2242F0806040F0FD70E8
:102E60000860704770470000002804BF01207047C9
:102E70002DE9F04143F60808C4F202080446D8F8E8
:102E8000F8030D4600F00700814207D988F8F8538F
:102E9000D8F8F80300F00700A84277D1206881072E
:102EA00017D5410705D5D8F8001041F4E051C8F80E
:102EB0000010010705D5D8F8001041F46041C8F8AA
:102EC0000010D8F80010A26821F0F0011143C8F8F2
:102ED0000010C00740D1D8F8F80300F00700854281
:102EE00007D288F8F853D8F8F80300F00700A84292
:102EF0004CD12068410707D5D8F80010E26821F4CA
:102F0000E0511143C8F80010000708D5D8F80000B8
:102F1000216920F4604040EAC100C8F8000000F0D8
:102F2000A3F8D8F8001043F2CF22C1F30311C0F682
:102F30000102515C4CF2640220FA01F14CF20C00E7
:102F4000C2F201000068C2F201021160FFF7C2FE86
:102F50000020BDE8F08100BF6068811E022907D211
:102F600058F8081C89015CBF0120BDE8F08111E020
:102F7000012807D158F8081C89035CBF0120BDE86F
:102F8000F08107E058F8081C890703D40120BDE848
:102F9000F08100BFD8F8001021F003010843C8F801
:102FA0000000FEF7F5FF064641F28837D8F800002A
:102FB000616800F00C00B0EB810F8CD0FEF7E8FFE9
:102FC000801BB842F2D90320BDE8F0814C20C4F246
:102FD00047200121016070470F22026043F608027A
:102FE000C4F20202136803F003034360136803F0A2
:102FF000F0038360136803F4E053C360D2F800C0A9
:103000004FF4E05303EADC030361D2F8F80300F065
:1030100007000860704700004CF2640043F60801A6
:10302000C2F20100C4F202010068096843F2DF2223
:10303000C1F38221C0F60102515CC8407047000014
:103040004CF2640043F60801C2F20100C4F202012E
:103050000068096843F2DF22C1F34231C0F6010281
:10306000515CC8407047000010B543F60404C4F238
:103070000204606800F00C00082842F20040C0F230
:10308000F40018BF10BD21682268236801F03F02D8
:10309000C3F38811A1FB00010023FDF744F9216867
:1030A0000222C1F3014102EB4101B0FBF1F010BD7E
:1030B00010B543F60C04C4F202042068000658BFA1
:1030C00010BDFFF7CFFE8020A07010BD002804BF08
:1030D000012070472DE9F04182B00446007843F6A4
:1030E0000006C007C4F202060CD0B06800F00C0065
:1030F000042840F081803068800303D56068002890
:1031000000F06881207880071BD5B06810F00C0FA4
:1031100009D0B06800F00C00082840F08780706883
:10312000400200F183803068800703D5E068012801
:1031300040F050813068216920F0F80040EAC10079
:1031400030602078000713D4207840072AD4A5697E
:10315000002D00F03A81B06800F00C00082840F023
:10316000A580012D40F00E81012002B0BDE8F08164
:103170006069002800F082800020C4F2472001210D
:10318000C0F8801EFEF704FF054600BF706F800781
:10319000DAD4FEF7FDFE401B0228F7D9032002B067
:1031A000BDE8F081306C5FEAC0080AD400200190CD
:1031B000306C40F080503064306C00F080500190F2
:1031C000019847F20007C4F200073868C00547D4E9
:1031D000386840F480703860FEF7DAFE054600BFBC
:1031E0003868C0053CD4FEF7D3FE401B0228F7D94F
:1031F000032002B0BDE8F081B06800F00C000828A0
:1032000003D1706840023FF576AF61683068B1F570
:10321000803F07D0B1F5A02F40F09A8040F4802085
:103220003060306840F4803030609AE0E068002818
:1032300040F20000C4F247205CD001210160FEF79B
:10324000A7FE0546306880073FF574AFFEF7A0FE85
:10325000401B0228F6D9032002B0BDE8F08100BF70
:10326000A168306F012905D0052955D140F004002F
:103270003067306F40F00100306756E00020C4F244
:1032800047200021C0F8801EFEF782FE054600BFE1
:10329000706F80077FF558AFFEF77AFE401B02285B
:1032A000F6D9032002B0BDE8F08100BF0027C4F2C8
:1032B000472700203866FEF76BFE022D05460DD12C
:1032C0003068800140F18A80FEF762FE401B0228D0
:1032D0004FF00300F4D902B0BDE8F08130688001FE
:1032E00073D5FEF755FE401B02284FF00300F5D9B9
:1032F000F1E700BF00210160FEF74AFE054600BF6E
:10330000306880077FF51DAFFEF742FE401B0228A4
:103310004FF00300F4D9DEE720F001003067306F92
:10332000002920F0040030677AD0FEF731FE054610
:1033300041F28837306F800700F18480FEF728FE65
:10334000401BB842F6D9032002B0BDE8F08100BFAF
:1033500020F4803030603068002920F48020306014
:103360007AD0FEF715FE0546306880033FF5CAAEF9
:10337000FEF70EFE401B6428F6D9032002B0BDE81C
:10338000F08100BF7068E16900F480028A4221D1B7
:10339000216A00F03F028A421CD147F6C071626A7E
:1033A0000140B1EB821F15D1A16A4FF6FF73C9032B
:1033B000994300F44032A1F580318A420AD1E16A92
:1033C00000F07060B0EB016F04D1002002B0BDE8E6
:1033D000F08100BF012002B0BDE8F08104F11C05BE
:1033E0002FCD084340EA8210D9034FF6FF72914374
:1033F000A1F5803140EA056008437060012038661D
:10340000FEF7C6FD044600BF30688001DDD4FEF73C
:10341000BFFD001B02284FF00300F5D95BE700BF9A
:10342000FEF7B6FD054641F2883700BF306F8007D2
:1034300008D5FEF7ADFD401BB8424FF00300F5D9AB
:1034400049E700BFB8F1000F3FF581AE306C20F0C6
:10345000805030647BE600BFFEF79AFD054600BF52
:10346000306880037FF54EAEFEF792FD401B642866
:103470004FF00300F4D92EE77047000070470000BA
:10348000F0B581B030B1416A41B100210161142130
:1034900009E000BF0124204601B0F0BD4168B1F54C
:1034A000827F02D01C210022425000248462416DA0
:1034B000A1BB43F28961C0F60001C165C16F43F24F
:1034C000816243F2916343F28D6543F2856C43F26E
:1034D000956E43F27D4643F27947C0F60002C0F68E
:1034E0000003C0F60005C0F6000CC0F6000EC0F6E2
:1034F0000006C0F600070465026643668566C0F8EC
:103500006CC0C0F870E04667876721B943F29551F7
:10351000C0F60001C167054688472846022141657B
:1035200090E88E0002F482720E6803F4044326F0E1
:1035300040060E601A4407F4006307691A4407F056
:10354000020347691A4407F001038769C6691A44F0
:1035500007F400731A4406F03803066A1A4406F0AA
:103560008003866A1A4306F400531A430A60436ACA
:10357000042202EA174203F010031A444A60CA699F
:1035800022F40062CA61012184654165204601B0D0
:10359000F0BD00002DE9F04F87B0044643F6000768
:1035A0000068C4F200070026B8420696CDE904661A
:1035B0000396029602D007B0BDE8F08F43F63005BF
:1035C0000196C4F2020528690DF1080840F4804014
:1035D000286128694FF0020900F4804001900198A9
:1035E000019628684FF0030A40F00400286028681C
:1035F0004FF0050B00F00400019001980196286837
:10360000414640F002002860286800F00200019066
:1036100001980820029007F5E830CDE90396CDF82F
:1036200014A0CDF818B0FEF7D7FB4FF40050CDE949
:10363000020904A880E8400C07F5E6304146FEF791
:10364000CBFB05F521504CF6F475C2F20105402183
:103650004FF48062C5E900062846C5E90216C5E9AF
:103660000426C5E90666C5E90866FEF7A7FA00283C
:1036700018BFFDF7CFFEA564EC6307B0BDE8F08F7F
:10368000704700007047000070470000704700005E
:10369000704700007047000070470000704700004E
:1036A00070470000C26B012A04BF02207047B0B50A
:1036B00001F108053CCDD1E900CE23F47C5322F47E
:1036C00070521A432EF4F0431A432CF4E0431A4389
:1036D00024F4C0431A432A43C96922F48042036890
:1036E000114359640021C1630020B0BDC26B012A9F
:1036F0004FF0020251D010B502640268D2F804E023
:10370000D2F808C00C682EF07003234341F2FF7416
:10371000C4F20004A24253600EDC40F2FF73C4F214
:1037200000039A4216DCB2F1804F2BD040F20043E6
:10373000C4F2000324E000BF40F2FF33C4F20103EF
:103740009A4213DC41F60003C4F200039A4219D0F6
:10375000002313E040F60003C4F200039A4211D0A4
:1037600040F60043C4F200030AE000BF44F2000345
:10377000C4F201039A4205D040F20043C4F20103AF
:103780009A4204D149682CF08003194391600121C9
:1037900000220164C263BDE810401046704700007B
:1037A000002804BF0120704770B50446006C002853
:1037B00054D10020E06344F6611044F67511C0F660
:1037C0000000C0F6000144F6791243F67D7CC0F695
:1037D0000002C0F6000CC4F8A000C4F8A41044F223
:1037E000A57043F6797144F67D1344F2AD3544F289
:1037F000A176C4F8A820C4F8B0C0C0F60000C0F696
:10380000000143F29D6204F1C00CC0F60003C0F653
:103810000005C0F60006C0F600028CE80700A16EA5
:1038200043F6817EC4F8AC30C4E92E5643F2A1635E
:1038300043F29966C0F6000EC0F60003C0F600061B
:10384000C4F8B4E0C4F8CC30C4F8D06021B943F671
:103850008501C0F60001A166204688470220206449
:103860002068211D03F0FAFC012060666064A064FA
:10387000E06420656065A065E06520662064002046
:1038800070BD000081B000684FF6FF71C4F2000106
:1038900088421FDD44F2FF31C4F2010188423DDC61
:1038A0000021C4F20101884264D044F20001C4F254
:1038B0000101884240F08C800020009043F64400D3
:1038C000C4F20200016841F480310160006800F434
:1038D00080307BE041F20041C4F20001884237D0E1
:1038E00041F60001C4F2000188425FD041F6004178
:1038F000C4F2000188426BD10020009043F64400DE
:10390000C4F2020050F8041C41F0800140F8041C8D
:1039100050F8040C00F0800058E000BF44F2004171
:10392000C4F20101884233D044F60001C4F201011F
:1039300088424DD10020009043F64400C4F20200BA
:10394000016841F480210160006800F480203DE0BE
:103950000020009043F64400C4F2020050F8041C1A
:1039600041F0200140F8041C50F8040C00F0200045
:103970002CE000BF0020009043F64400C4F2020097
:10398000016841F001010160006800F001001DE0E4
:103990000020009043F64400C4F20200016841F4A4
:1039A00000310160006800F400300FE0002000905A
:1039B00043F64400C4F2020050F8041C41F04001F8
:1039C00040F8041C50F8040C00F0400000900098EF
:1039D00001B07047016C01291CBF01207047022112
:1039E0000164006841F2FF72C168C4F200029042B3
:1039F00041F00101C1600DDC40F2FF71C4F2000131
:103A0000884215DCB0F1804F2AD040F20041C4F268
:103A1000000123E040F2FF31C4F20101884213DCCF
:103A200041F60001C4F20001884219D0002113E0E0
:103A300040F60001C4F20001884211D040F6004176
:103A4000C4F200010AE000BF44F20001C4F2010127
:103A5000884205D040F20041C4F20101884206D1FB
:103A6000816801F00701062904BF00207047016842
:103A700041F001010160002070470000C26B012A83
:103A80004FF0020269D080B50264D0F800C04FF652
:103A90007772DCF8083023EA0202CCF808200B68C1
:103AA0004F2B29DC1F2B45DD202B46D0302B44D05B
:103AB000402B40F0AD80D1F804E0C968DCF820303C
:103AC000DCF8202022F00102CCF82020DCF81820BD
:103AD00022F0F00242EA011123F00A0242EA0E0249
:103AE000CCF81810CCF82020DCF8081041F0470181
:103AF00021F0300128E000BF6F2B31DDB3F5005F0E
:103B000072D0B3F5805F21D0702B40F08180D1E975
:103B100001E3C968DCF8082043EA0E0322F47F427F
:103B200043EA01211143CCF80810DCF8081041F0F9
:103B3000770109E00BB1102B6AD1DCF8081021F0F5
:103B40007001194341F00701CCF80810002201214F
:103B500001640021C163BDE880401046704700BF8A
:103B6000502B21D0602B53D1D1F804E0C968DCF888
:103B70002030DCF8202022F01002CCF82020DCF8E5
:103B8000182022F4704242EA013123F0A00242EAF6
:103B90000E12CCF81810CCF82020DCF8081041F0F8
:103BA000670121F01001CFE7D1F804E0C968DCF823
:103BB0002030DCF8202022F00102CCF82020DCF8B4
:103BC000182022F0F00242EA011123F00A0242EA30
:103BD0000E02CCF81810CCF82020DCF8081041F0C8
:103BE000570121F02001AFE7D1E901E3C968DCF812
:103BF000082043EA0E0322F47F4243EA01211143E5
:103C0000CCF80810DCF8081041F480419CE700BFB4
:103C100001229CE7002804BF012070472DE9F047EE
:103C20000446006C0D4600284ED10020E06344F6A7
:103C3000611044F67511C0F60000C0F6000144F6AC
:103C4000791244F67D1343F67D7C43F6817E04F1C0
:103C5000A008C0F60002C0F60003C0F6000CC0F6D3
:103C6000000E88E80F5044F2A57043F6797144F2D3
:103C7000AD3644F2A177C0F60000C0F6000143F271
:103C80009D6204F1C00CC0F60006C0F60007C0F645
:103C900000028CE80700D4F89010C4E92E6743F2C4
:103CA000A16343F29967C0F60003C0F60007C4F8A9
:103CB000CC30C4F8D07029B943F64D51C0F600019C
:103CC000C4F890102046884702202064206844F2FF
:103CD0000702816891438160211D03F0BFFA2068CB
:103CE0004FF6FF7881688269D0F820C0D5E9007E60
:103CF000D5E9023A47EA0109AF6922EA080243EA34
:103D000007234FF6FC47BB43D5E9077642EA0A0290
:103D100029691A4342EA072242EA01112CF0AA0259
:103D20006B6942EA0E0241EA063142EA0312C0F828
:103D3000089081610262012060666064A064606531
:103D4000A06520640020BDE8F0870000F0B587B0D2
:103D50000068002100F140404FEAB020032806919E
:103D6000CDE904110391029100F2B080DFE800F088
:103D700002863E5E002043F630010190C4F202014B
:103D80000A6940F2004742F001020A610A69C4F27E
:103D9000020702F001020192019A01900A680224CE
:103DA00042F001020A600A68012502F00102019254
:103DB000019A01900868032640F002000860086834
:103DC00002A900F00200019001984FF40040029017
:103DD000A7F5806003940495CDE90565FDF7FCFF28
:103DE000082102AA384672C206956CE0002043F60C
:103DF00030010190C4F202010A6942F004020A6132
:103E00000A6902F004020192019A01900A6842F0E4
:103E100002020A60096801F0020101910199C021C2
:103E200002910221CDE9031047E000BF002043F6D4
:103E300030010190C4F202010A6942F008020A61ED
:103E40000A6902F008020192019A019008680122B1
:103E500040F0010008600868022100F001000190B4
:103E6000019803200290CDE9042040F20040C4F202
:103E70000200A0F580600391069124E0002043F643
:103E800030010190C4F202010A6942F002020A61A3
:103E90000A6902F002020192019A01900A6842F056
:103EA00002020A60096801F00201019101993021C2
:103EB00002910221CDE903100320059040F2004059
:103EC0000691C4F2020002A9FDF786FF07B0F0BD1B
:103ED00080B5426C836CD0F854E0D0F858C0042907
:103EE0000AD0A9B9012A4FF0010208BFBEF1010FA3
:103EF0002ED0104680BD00BF012B4FF0010208BF3D
:103F0000BCF1010FF5D102218164816500681AE0DE
:103F1000012A4FF0010208BF012BEAD1BEF1010FC7
:103F2000E7D1BCF1010FE4D1022242648264426510
:103F3000826581B10068016A21F001010162016AB4
:103F400041F00101016210216FF0100207E000BF93
:103F5000022141644165006801216FF00102036A9A
:103F60001A400262026A114301620168002241F0B4
:103F700001010160104680BD7047000070470000DD
:103F80007047000070B504460068C5680669B1074F
:103F900016D515F0020113D06FF002010161012165
:103FA000E1618069800701D0B02004E0D4F8B81046
:103FB00020468847BC202158204688470020E061E1
:103FC000700719D515F0040016D020686FF00401B1
:103FD00001610221E161806910F4407F02D0B020CC
:103FE00005E000BFD4F8B81020468847BC2021580F
:103FF000204688470020E061300717D515F00800FB
:1040000014D020686FF0080101610421E161C069EA
:10401000800701D0B02004E0D4F8B81020468847CB
:10402000BC202158204688470020E061F00619D5C1
:1040300015F0100016D020686FF010010161082102
:10404000E161C06910F4407F02D0B02005E000BFFC
:10405000D4F8B81020468847BC202158204688470D
:104060000020E061F00718BF15F0010002D1300612
:104070000AD414E02068D4F8A0106FF001020261A5
:104080002046884730060AD515F0800007D0206802
:10409000D4F8D0106FF08002026120468847700685
:1040A0000AD515F0400007D02068D4F8A8106FF0AA
:1040B0004002026120468847B00658BF70BD15F027
:1040C000200009D02168D4F8C8206FF020032046D2
:1040D0000B61BDE87040104770BD000080B586B030
:1040E000006844F2FF31C4F2010188424FF0000140
:1040F0000591CDE90311CDE9011123DC0021C4F2C2
:10410000010188423ED044F20001C4F2010188421C
:1041100072D1002143F630000091C4F2020002681F
:10412000602342F0100202600068032200F01000D9
:104130000090009840F20040C4F2020000F5406098
:1041400050E000BF44F20041C4F20101884233D084
:1041500044F60001C4F2010188424DD100200090D4
:1041600043F63000C4F202000168032241F002016C
:1041700001600068022100F00200009000984FF4F6
:1041800000732BE00020009043F63000C4F20200E0
:104190000168012241F0100101600068022100F075
:1041A00010000090009840F20040C4F2020000F5B8
:1041B00040604FF4D44315E0002143F630000091F5
:1041C000C4F2020002684FF4807342F002020260FF
:1041D0000068032200F002000090009840F20040C6
:1041E000C4F202000193022302930023CDE90331BC
:1041F00001A90592FDF7F0FD06B080BDC36B012B50
:1042000004BF022070474FEAB202032A00F2C880BE
:10421000F0B5DFE802F0038B336500BF026840F2BF
:104220000045136A166A23F0020326F0010616629F
:10423000D2F804E0D2F818C08E6842F48064C4F268
:104240000105AC4243EA060305D1CE6823F00C0316
:1042500026F0040633430E68AC4206D1D1E9054787
:104260002EF44075254345EA070E2CF073073743BB
:10427000C2F804E097614968516389E0026840F23E
:104280000045136A176A23F4007327F480771762D6
:10429000D2F804E0D2F81CC08E6842F48064C4F204
:1042A0000105AC4243EA062307D1CE6840F2FF473E
:1042B000360223F44063BE4333430E68AC4206D15A
:1042C000D1E905452EF44057254347EA051E2CF059
:1042D00073073743C2F804E0D7614968D16357E0F8
:1042E000026840F20047D2F820E0136A42F4806688
:1042F00023F4805313625368D4690D68D1F808C061
:10430000C4F20107BE4204D14E6923F4804343EA5C
:10431000861324F4E64646EA05265360D6614968CA
:104320002EF4005747EA0C33116431E0026840F282
:104330000045136A176A23F0200327F0100717625D
:10434000D2F804E0D2F818C08E6842F48064C4F257
:104350000105AC4243EA061307D1CE686FF040076F
:1043600023F0C00307EA061633430E68AC4206D1B9
:10437000D1E905452EF44067254347EA850E2CF424
:10438000E64747EA0627C2F804E097614968916367
:1043900000211362BDE8F0400022C2630846704766
:1043A00001210022C26308467047000070470000E8
:1043B000002804BF0120704770B50446006C002837
:1043C00054D10020E06344F6611044F67511C0F644
:1043D0000000C0F6000144F6791243F67D7CC0F679
:1043E0000002C0F6000CC4F8A000C4F8A41044F207
:1043F000A57043F6797144F67D1344F2AD3544F26D
:10440000A176C4F8A820C4F8B0C0C0F60000C0F679
:10441000000143F29D6204F1C00CC0F60003C0F637
:104420000005C0F60006C0F600028CE80700A16F88
:1044300043F6817EC4F8AC30C4E92E5643F2A16342
:1044400043F29966C0F6000EC0F60003C0F60006FF
:10445000C4F8B4E0C4F8CC30C4F8D06021B944F258
:104460009541C0F60001A1672046884702202064DC
:104470002068211D02F0F2FE012060666064A064E5
:10448000E06420656065A065E0652066206400202A
:1044900070BD000070470000C36B012B04BF0220F9
:1044A00070474FEAB202032A00F2FE802DE9F04382
:1044B000DFE802F002B03E7E036840F200461C6A6C
:1044C0001A6A24F0020422F001021A621A46D3F892
:1044D00004C052F818EF8F6843F48065C4F20106F7
:1044E000B54244EA070405D1CF6824F00C0427F054
:1044F00004073C430F68B54206D1D1E905582CF4B6
:1045000040762E4346EA080C2EF073063743C3F874
:1045100004C09F614F6809695F631C629F6947F02F
:1045200008079F619F6927F004079F61B1E000BF02
:10453000036840F200481C6A1A6A24F4007422F4EA
:1045400080721A621A46D3F804C052F81CEF8F68C2
:1045500043F48065C4F20108454544EA072408D1C4
:10456000CF6840F2FF463F0224F4406427EA060683
:104570003443D1F80090454506D1D1E905562CF4D5
:1045800040572E4347EA061C2EF0730747EA0907F7
:10459000C3F804C0DF614F680969DF631C62DF692B
:1045A00047F00807DF61DF6927F00407DF6170E08B
:1045B000036840F20045D3F820C01A6A43F48067CC
:1045C00022F480521A621A465C6852F81C8FD1F8A5
:1045D00000E08E68C4F20105AF4204D14D6924F4B5
:1045E000804444EA85142CF4005747EA063728F43F
:1045F000E64646EA0E265C60DE614E6809691E6486
:104600001F62DF6947F40067DF61DF6927F48067B5
:10461000DF613DE0036840F200481C6A1A6A24F03A
:10462000200422F010021A621A46D3F804C052F88D
:1046300018EF8F6843F48065C4F20108454544EAE9
:10464000071407D1CF686FF0400624F0C00406EAD3
:1046500007163443D1F80090454506D1D1E90556F7
:104660002CF440672E4347EA860C2EF4E64747EACF
:104670000927C3F804C09F614F6809699F631C62E2
:104680009F6947F400679F619F6927F480679F6176
:1046900009021368194311600021BDE8F0430022AC
:1046A000C2630846704700BF01210022C26308466A
:1046B00070470000002804BF0120704770B5044611
:1046C000006C002856D10020E06344F6611044F6E7
:1046D0007511C0F60000C0F6000144F6791243F6E9
:1046E0007D7CC0F60002C0F6000CC4F8A000C4F83F
:1046F000A41044F2A57043F6797144F67D1344F298
:10470000AD3544F2A176C4F8A820C4F8B0C0C0F614
:104710000000C0F6000143F29D6204F1C00CC0F637
:104720000003C0F60005C0F60006C0F600028CE8E3
:104730000700D4F8801043F6817EC4F8AC30C4E999
:104740002E5643F2A16343F29966C0F6000EC0F6FE
:104750000003C0F60006C4F8B4E0C4F8CC30C4F8D6
:10476000D06029B944F29D71C0F60001C4F88010F0
:1047700020468847022020642068211D02F06EFD3B
:10478000012060666064A064E06420656065A065E7
:10479000E06520662064002070BD000070470000C6
:1047A0007047000070470000C1B1042908D00829F3
:1047B00014BF50224C228258012A05D013E000BFBA
:1047C00048228258012A0ED108290FD0042914BF8B
:1047D00000F1500200F148020AE000BF024652F820
:1047E000443F012B04D00120704700BF00F14C0270
:1047F00002231360006801F01F010122036A02FA1C
:1048000001F123EA01020262026A114341F2FF72DE
:10481000C4F20002904201620CDC40F2FF71C4F26B
:104820000001884214DCB0F1804F37D040F20041E3
:1048300016E000BF40F2FF31C4F20101884215DCEE
:1048400041F60001C4F20001884227D0002115E0A2
:1048500040F60001C4F2000188421FD040F600413A
:10486000C4F20001884219D01FE000BF44F20001E9
:10487000C4F20101884211D040F20041C4F20101AA
:10488000884212D1416C40F2004340F48062C4F28D
:10489000010341F400419A42416406D1816801F06C
:1048A0000701062904BF00207047016841F001019B
:1048B000016000207047000080B58446006801F068
:1048C0001F034FF0010E026A0EFA03F39A430262CD
:1048D00040F20042D0F820E040F48063C4F20102CC
:1048E0009342C0F820E009D1026A41F211131A4242
:1048F00004D1026A40F244431A420FD0026A41F2E4
:1049000011131A4213D1026A40F244431A420ED1E3
:10491000026822F00102026009E000BF426C22F44A
:1049200000424264026A41F211131A42EBD089B18B
:10493000082909D0042914BF502148210122002050
:104940004CF8012080BD00BF4C21012200204CF812
:10495000012080BD4421012200204CF8012080BDAF
:10496000006842F20001C4F20001884218BF70479B
:10497000FEF786B9704700007047000070470000DE
:10498000836C202B0AD194460A4600294FF001017E
:1049900018BFBCF1000F05D1084670470221084638
:1049A000704700BFB0B582B001210163002522210C
:1049B00045638262A0F82CC0C5648164C36B47F272
:1049C000495E47F2A564C0F6000EC0F60004016817
:1049D000C3E910E447F2D134C0F60004C3E914453A
:1049E0000431044618466346FDF792F901952168A3
:1049F00020460A680192496801910199216929B309
:104A0000016851E8031F026841F4807142E8031312
:104A1000E3B1016851E8031F026841F4807142E884
:104A200003139BB1016851E8031F026841F48071D0
:104A300042E8031353B1016851E8031F026841F4CF
:104A4000807142E80313002BDAD100BF016851E8FE
:104A5000051F026841F0010142E80513BBB301687C
:104A600051E8051F026841F0010142E8051373B3E4
:104A7000016851E8051F026841F0010142E8051391
:104A80002BB3016851E8051F026841F0010142E8BB
:104A90000513002BDAD11AE0016851E8051F0268FE
:104AA00041F0400142E80513DBB1016851E8051F00
:104AB000026841F0400142E8051393B1016851E8F2
:104AC000051F026841F0400142E805134BB101683F
:104AD00051E8051F026841F0400142E80513002B30
:104AE000DAD1016B012933D10021009101680A68F4
:104AF0000092496800910099016851E8031F02681B
:104B000041F0100142E80313DBB1016851E8031FD3
:104B1000026841F0100142E8031393B1016851E8C3
:104B2000031F026841F0100142E803134BB1016812
:104B300051E8031F026841F0100142E80313002B03
:104B4000DAD1002102B0BDE8B0400846704700BF8E
:104B5000012102B0BDE8B040084670477047000030
:104B60007047000010B50446206850E8030F216824
:104B700020F4907041E80302BAB3206850E8030FB4
:104B8000216820F4907041E8030272B3206850E875
:104B9000030F216820F4907041E803022AB32068D3
:104BA00050E8030F216820F4907041E80302002AC6
:104BB000DAD11AE0206850E8050F216820F00100E2
:104BC00041E80502DAB1206850E8050F216820F0BD
:104BD000010041E8050292B1206850E8050F216804
:104BE00020F0010041E805024AB1206850E8050FB5
:104BF000216820F0010041E80502002ADAD1206B8B
:104C0000012824D1206850E8030F216820F010000B
:104C100041E80302DAB1206850E8030F216820F070
:104C2000100041E8030292B1206850E8030F2168A8
:104C300020F0100041E803024AB1206850E8030F59
:104C4000216820F0100041E80302002ADAD1206830
:104C50004069400636D500BF206850E8050F21683E
:104C600020F0400041E80502DAB1206850E8050F65
:104C7000216820F0400041E8050292B1206850E828
:104C8000050F216820F0400041E805024AB1206884
:104C900050E8050F216820F0400041E80502002A95
:104CA000DAD1E06B70B100214165FCF75DFE48B1DF
:104CB000E06BFCF7A9FE202804D11020E06403205B
:104CC00010BD00BF00202021E085A164206310BD3D
:104CD000704700007047000070470000B0B582B018
:104CE00001680A68CC684B6902F02F05202D04F09A
:104CF000200505D125B102B0BDE8B04002F03ABDB3
:104D00005FEA027C1EBF03F0010E04F4907313EB04
:104D10000E033FD1036BD50618D5012B16D114F025
:104D2000100313D0002201920A6801924A6801928E
:104D3000019A4969490647D4818DC28DC38D002BE4
:104D400018BF914240F0F08102B0B0BD13062BD5E0
:104D500014F0800328D0426C212AF5D18268B2F584
:104D6000805F03D10269002A00F06482026A531C4A
:104D7000036212784A60C28C013A1304C284E3D100
:104D8000C86820F08000C860C86840F04000C86073
:104D900002B0B0BDD30718BF14F4807340F0CE80CA
:104DA000530700F1D180D6E05206CDD514F0400271
:104DB000CAD0CA6822F04002CA6020214164416D15
:104DC00002B0BDE8B0400847C16B0A68526893B2B0
:104DD000002BB9D0858DAB42B6D2C285C969B1F579
:104DE000807F00F09F80016851E8031F026821F472
:104DF000807142E80313DBB1016851E8031F0268C8
:104E000021F4807142E8031393B1016851E8031F54
:104E1000026821F4807142E803134BB1016851E844
:104E2000031F026821F4807142E80313002BDAD1DA
:104E3000016851E8051F026821F0010142E80513ED
:104E4000BBB3016851E8051F026821F0010142E887
:104E5000051373B3016851E8051F026821F00101D1
:104E600042E805132BB3016851E8051F026821F0E1
:104E7000010142E80513002BDAD11AE0016851E87C
:104E8000051F026821F0400142E80513DBB101680B
:104E900051E8051F026821F0400142E8051393B173
:104EA000016851E8051F026821F0400142E805133E
:104EB0004BB1016851E8051F026821F0400142E84A
:104EC0000513002BDAD120218164002101630168E0
:104ED00051E8031F026821F0100142E80313DBB11F
:104EE000016851E8031F026821F0100142E8031332
:104EF00093B1016851E8031F026821F0100142E8F4
:104F000003134BB1016851E8031F026821F010013F
:104F100042E80313002BDAD1C16B04460846FCF7C4
:104F200023FD204602214163426F818DC38DC91A42
:104F300089B202B0BDE8B040104700BFC36C43F077
:104F40000103C364530706D5BEF1000F03D0C36C41
:104F500043F00203C364930706D5BEF1000F03D0EC
:104F6000C36C43F00403C364BCF1000F06D55EEAD2
:104F7000050303D0C36C43F00803C364C36C002B68
:104F80003FF4E2AE920605D525B1044602F0F2FBED
:104F9000216820464969C26C01F0400102F0080214
:104FA000891800F0B98000BF016851E8031F02684A
:104FB00021F4907142E80313BBB3016851E8031F69
:104FC000026821F4907142E8031373B3016851E859
:104FD000031F026821F4907142E803132BB30168A8
:104FE00051E8031F026821F4907142E80313002B7B
:104FF000DAD11AE0016851E8051F026821F00101C9
:1050000042E80513DBB1016851E8051F026821F091
:10501000010142E8051393B1016851E8051F0268D8
:1050200021F0010142E805134BB1016851E8051F69
:10503000026821F0010142E80513002BDAD1016B6F
:10504000012924D1016851E8031F026821F01001F1
:1050500042E80313DBB1016851E8031F026821F045
:10506000100142E8031393B1016851E8031F02687D
:1050700021F0100142E803134BB1016851E8031F0E
:10508000026821F0100142E80313002BDAD120213D
:1050900081640021016301684969490640F1C480C7
:1050A000016851E8051F026821F0400142E805133C
:1050B000DBB1016851E8051F026821F0400142E8B8
:1050C000051393B1016851E8051F026821F0400102
:1050D00042E805134BB1016851E8051F026821F051
:1050E000400142E80513002BDAD1C16B002900F022
:1050F0009B8047F2C532C0F60002044608464A6566
:10510000FCF772FC00283FF41FAEE06B416D02B06B
:10511000BDE8B040084700BF016E04468847002044
:10512000E06402B0B0BD00BF891A00BF026852E857
:10513000032F036822F4907243E80325BDB302688D
:1051400052E8032F036822F4907243E8032575B3F5
:10515000026852E8032F036822F4907243E80325A3
:105160002DB3026852E8032F036822F4907243E8DB
:105170000325002DDAD11AE0026852E8052F0368F2
:1051800022F0010243E80525DDB1026852E8052F4F
:10519000036822F0010243E8052595B1026852E850
:1051A000052F036822F0010243E805254DB102688E
:1051B00052E8052F036822F0010243E80525002D7F
:1051C000DAD1202282640022026300BF026852E822
:1051D000032F036822F0100243E80325DDB10268C3
:1051E00052E8032F036822F0100243E8032595B12B
:1051F000026852E8032F036822F0100243E80325F7
:105200004DB1026852E8032F036822F0100243E810
:105210000325002DDAD102224263426F89B202B027
:10522000BDE8B040104700BF016E02B0BDE8B0401D
:10523000084700BF026A32F8023B6FF35F234B60FE
:10524000026298E5002804BF0120704770B504464B
:10525000406CC8BB002045F60101206445F60500FE
:10526000C0F60001C0F600006165A16F45F245720D
:1052700045F2417344F6D94C44F6613E44F6D545B7
:1052800044F6D146206544F65D30C0F60002C0F613
:105290000003C0F6000CC0F6000EC0F60005C0F614
:1052A0000006C0F60000A265E365C4F860C0C4F85B
:1052B00064E0C4E91A56606721B945F20531C0F6C9
:1052C0000001A16720468847242060642068C168E7
:1052D00021F40051C160204602F0CAFA2068016939
:1052E00021F490410161416921F02A014161C168C5
:1052F00041F40051C16000202021E0646164A16498
:10530000606370BD2DE9F04786B00446006844F63E
:10531000FF71C4F2000188424FF000010591CDE910
:105320000311CDE901117DDD41F20041C4F201011B
:10533000884200F0DB8041F20001C4F201018842A2
:1053400000F0FE8045F20001C4F20001884240F006
:105350002381002743F630000097C4F20200016960
:1053600040F6004541F4801101610169C4F2020573
:1053700001F48011009100990097016801AE41F09D
:105380000401016001684FF0020801F0040100917E
:105390000099009701684FF0030941F0080101608E
:1053A00000684FF0080A00F00800009000984FF4E1
:1053B00080500190A5F580603146CDE90287CDF897
:1053C0001090CDF814A0FCF707FD0420CDE90108EA
:1053D00003A880E8800628463146FCF7FDFC4DF224
:1053E000580546F21000C2F20105C4F202004FF067
:1053F000006185E883004FF480304FF48062C5E996
:1054000008072846C5E90372C5E90577EF61FCF78F
:10541000D5FB002818BFFBF7FDFFE563EC6306B082
:10542000BDE8F08744F20041C4F20001884200F078
:10543000B78044F60001C4F20001884240F0AC801D
:10544000002643F630000096C4F20200016946F2DD
:10545000100841F4802101610169C4F2020801F4DD
:105460008021009100990096016841F008010160D7
:10547000006801A900F00800009000984FF4407007
:1054800001900220CDE90206032004900720059038
:1054900040F60040C4F20200FCF79EFC4DF2841579
:1054A00008F11800C2F201054FF0006A4FF480695C
:1054B0004FF48071C5E9000A4FF400372846C5E96A
:1054C0000266C5E90496C5E90661C5E90876FCF7F8
:1054D00075FB002818BFFBF79DFFE563EC634DF2F9
:1054E000E81508F14800C2F20105ABE0002043F6E0
:1054F00030010090C4F202014A6942F020024A6180
:105500004A6902F020020092009A0090086840F078
:1055100004000860086800F0040000900098C020B3
:1055200001900220029001200390032004900820A3
:10553000059040F60040C4F20200A0F5806028E02B
:10554000002043F630010090C4F202014A6942F0A3
:1055500010024A614A6902F010020092009A00901B
:105560000A6842F001020A60096801F00101009135
:1055700000994FF4C06101910221CDE9021003208E
:1055800004900720059040F60040C4F20200A0F508
:10559000406001A9FCF720FC06B0BDE8F08700BF21
:1055A000002643F630000096C4F20200016946F27C
:1055B000100841F4003101610169C4F2020801F4EC
:1055C0000031009100990096016841F008010160E6
:1055D000006801A900F00800009000986020019088
:1055E0000220CDE90206032004900720059040F632
:1055F0000040C4F20200FCF7EFFB4DF2BC0508F1DD
:105600007800C2F201054FF0006A4FF48069C5E9E5
:10561000000A4FF480372846C5E90266C5E90496BA
:10562000C5E90666C5E90876FCF7C8FA002818BF80
:10563000FBF7F0FEE563EC634DF2201508F19000F6
:10564000C2F20105402128602846C5F804A0A960DF
:10565000EE60C5F810906E61AE61EE61C5E9087646
:10566000FCF7ACFA002818BFFBF7D4FEA563EC6387
:1056700006B0BDE8F0870000A2B1436C202B0FD12B
:105680000C290FD8DFE801F00828203438242C300A
:105690000E0E0E181C0000BF02650020704700BFF0
:1056A000436C2BB1C16C41F02001C16401207047F3
:1056B0000C2905D00B29F5D182670020704700BF67
:1056C000C2670020704700BF82650020704700BF9E
:1056D00042660020704700BF42650020704700BF4F
:1056E00082660020704700BFC2660020704700BF7E
:1056F000C2650020704700BF0266002070470000AE
:1057000071B1026C012A04BF02207047426C202A4A
:105710000CD141670021002202640846704700BF97
:10572000C16C41F02001C16401207047C16C41F09F
:105730002001C16401210022026408467047000074
:105740007047000070470000B0B5446C202C1CBFAF
:105750000220B0BD134600294FF0010218BF002BF4
:1057600002D11046B0BD00BF002221240162838413
:10577000C384C2644464D0F838C047F2BD6E47F2B7
:105780006D75C0F6000EC0F600050468CCE910E5A2
:1057900047F2D135C0F60005CCE91452221D04466B
:1057A0006046FCF7B5FA216820466FF040020A60B7
:1057B000016851E8051F026841F0800142E80513C5
:1057C000DBB1016851E8051F026841F0800142E841
:1057D000051393B1016851E8051F026841F080018B
:1057E00042E805134BB1016851E8051F026841F01A
:1057F000800142E80513002BDAD100221046B0BD2B
:105800007047000070470000FEE70000F0B581B06F
:105810001C4615460F46064600F0FAF9304600F0E1
:105820009BF900F085FA70B9384600F095F900F060
:105830007FFA40B900F0ECF946F0010000F08CF975
:1058400000F076FA10B1012001B0F0BD5CB1013D6D
:10585000E0B2013818BF012000F01EF9013C21061A
:1058600005F8010FF4D100F01BFA002001B0F0BDE3
:1058700070B514460D46064600F0CAF9304600F0F1
:105880006BF900F055FA00281CBF012070BD44B12F
:1058900015F8010B00F060F900F04AFA30B9013C4C
:1058A000F6D1002400F0FCF9204670BD012400F080
:1058B000F7F9204670BD0000F0B581B01C461546D2
:1058C0000E46074600F0A4F9384600F045F900F00E
:1058D0002FFA28B9304600F03FF900F029FA18B144
:1058E000012001B0F0BD00BF4CB100BF15F8010BA5
:1058F00000F032F900F01CFA40B9013CF6D1002466
:1059000000F0CEF9204601B0F0BD00BF012400F048
:10591000C7F9204601B0F0BDB0B586B040F20044F2
:10592000C4F2020420464FF4806100220025FCF7F7
:1059300029FB4FF4006001900120CDE9020503200E
:10594000049001A920460595FCF746FA20464FF43D
:1059500000610022FCF716FB02250195019840B179
:10596000002000BF00BF01990130C1EBC101884296
:10597000F8D320464FF480610122FCF703FB019528
:10598000019840B1002000BF00BF01990130C1EB78
:10599000C1018842F8D320464FF480610022FCF711
:1059A000F1FA06B0B0BD00002DE9F04186B040F23A
:1059B00000444FF40060C4F2020401AD00260190DF
:1059C0004FF001080327204629460596CDE90286B7
:1059D0000497FCF701FA4FF48060CDE901082046F6
:1059E0002946CDE90367FCF7F7F920464FF400613B
:1059F0000122FCF7C7FA20464FF480610122FCF730
:105A0000C1FA06B0BDE8F081B0B586B040F20044FE
:105A1000C4F2020420464FF4806100220025FCF706
:105A2000B1FA4FF4006001900120CDE90205032096
:105A3000049001A920460595FCF7CEF920464FF4C5
:105A400000610122FCF79EFA02250195019840B100
:105A5000002000BF00BF01990130C1EBC1018842A5
:105A6000F8D320464FF480610122FCF78BFA0195B0
:105A7000019840B1002000BF00BF01990130C1EB87
:105A8000C1018842F8D320464FF480610022FCF720
:105A900079FA06B0B0BD00002DE9F04385B080462C
:105AA00040F2004500264FF40060C4F20205CDE943
:105AB000000603204FF0010903906946284604962A
:105AC000CDF80890FCF788F90224002706E000BF13
:105AD00040EA4606072F07F101072DD228464FF46A
:105AE00080610022FCF74EFA0094009838B1002043
:105AF00000BF00990130C1EBC1018842F8D32846AC
:105B00004FF480610122FCF73DFA28464FF4006112
:105B1000FCF732FACDF800900099002818BF012058
:105B20000029D5D0002100BF00BF009A0131C2EB8F
:105B3000C2029142F8D3CBE7B8F1000F06D0FFF7CD
:105B4000EBFEF0B205B0BDE8F08300BFFFF75CFFED
:105B5000F0B205B0BDE8F083F0B585B004464FF46F
:105B6000006040F20045002600900120C4F20205CA
:105B7000CDE9010603200390694628460496FCF708
:105B80002BF928464FF480610022FCF7FBF902272D
:105B900005E000BF6400072E06F1010636D2E0B230
:105BA000C20928464FF40061FCF7ECF90097009811
:105BB00038B1002000BF00990130C1EBC10188421B
:105BC000F8D328464FF480610122FCF7DBF90097F7
:105BD000009840B1002000BF00BF00990130C1EB28
:105BE000C1018842F8D328464FF480610022FCF7B7
:105BF000C9F9009700980028CCD0002000BF009978
:105C00000130C1EBC1018842F8D3C3E705B0F0BD54
:105C1000B0B586B04FF4006140F20044002001911D
:105C20000121C4F202040590CDE902100320049082
:105C300001A92046FCF7D0F820464FF4006101226C
:105C4000FCF7A0F920464FF480610122FCF79AF995
:105C500004250195019840B1002000BF00BF0199C3
:105C60000130C1EBC1018842F8D320464FF40061F6
:105C70000022FCF787F90195019840B1002000BF90
:105C800000BF01990130C1EBC1018842F8D3204621
:105C90004FF480610022FCF775F906B0B0BD00003A
:105CA000B0B586B04FF4006140F20044002001918D
:105CB0000121C4F202040590CDE9021003200490F2
:105CC00001A92046FCF788F820464FF480610022A5
:105CD000FCF758F920464FF400610022FCF752F916
:105CE00004250195019840B1002000BF00BF019933
:105CF0000130C1EBC1018842F8D320464FF48061E6
:105D00000122FCF73FF920464FF400610122FCF725
:105D100039F90195019840B1002000BF00BF0199F9
:105D20000130C1EBC1018842F8D306B0B0BD00001C
:105D3000B0B586B040F2004400204FF40061C4F2D8
:105D400002040590CDE9011003200125049001A96A
:105D500020460395FCF740F820464FF400610122ED
:105D6000FCF710F90195019838B1002000BF0199A6
:105D70000130C1EBC1018842F8D320464FF4806165
:105D80000122FCF7FFF80195019840B1002000BF07
:105D900000BF01990130C1EBC1018842F8D3002551
:105DA00020464FF40061FCF7E7F848B1FA2D05F101
:105DB0000105F5D3FFF774FF0124204606B0B0BDFE
:105DC00020464FF4806100220024FCF7DBF82046D7
:105DD00006B0B0BD70B584B04CF63C7042F2000223
:105DE00001240021C2F20100C4F201024FF4403349
:105DF0000126C0F60074022503910162C0E90A4140
:105E00000163C0E90023C0E90211C0E90461C0E9EF
:105E10000615FBF7A5FB002818BFFBF7FBFA1120BE
:105E2000CDE90006072002904CF63C70C2F201005A
:105E30006946FBF7F3FA002818BFFBF7EBFA0820D6
:105E40000090022001904CF63C70C2F201006946BD
:105E5000FBF7E4FA002818BFFBF7DCFA04B070BDCA
:105E600080B54CF6847043F20001C2F20100C4F226
:105E700002010160FBF748FD002808BF80BDBDE8B6
:105E80008040FBF7C7BA000082B0002043F6300123
:105E90000190C4F202010A6842F400120A600A6822
:105EA00002F400120192019A0090086840F4800008
:105EB0000860086800F480000090009802B0704705
:105EC00010B543F29450C0F6010007F07DFB4CF290
:105ED000FC14C2F2010443F2FC522060C0F601023D
:105EE0000120002107F004FC43F2C8526060C0F6B4
:105EF00001020120002107F0FBFB43F28452A06065
:105F0000C0F601020120002107F0F2FB43F24862D3
:105F1000E060C0F601020120002107F0E9FB43F236
:105F20009C622061C0F601020120002107F0E0FB25
:105F300043F268326061C0F601020120002107F0DF
:105F4000D7FB43F28C62A061C0F601020120002160
:105F500007F0CEFBE0614BF6D53043F29033C0F64C
:105F60000000C0F601030121002207F099FC206225
:105F70004CF2254043F23453C0F60000C0F6010352
:105F80000121002207F08CFC60624CF2D14043F208
:105F90005C53C0F60000C0F601030121002207F0A7
:105FA0007FFCA0624BF6A95043F2A033C0F600007C
:105FB000C0F601030121002207F072FCE0624BF2FF
:105FC0008D7043F23433C0F60000C0F601030121A6
:105FD000002207F065FC43F20C622063C0F6010268
:105FE0004020042107F03AFA43F244526063C0F6BD
:105FF00001021020202107F031FA43F26C52A06315
:10600000C0F601022020012107F028FA43F278327D
:10601000E063C0F601020820082107F01FFA20649F
:1060200046F6D56043F2C842C0F60000C0F6010251
:10603000002107F0EBFB60644CF2810043F2105248
:10604000C0F60000C0F60102002107F0DFFBA064EB
:106050004EF2DD2043F22462C0F60000C0F60102D9
:10606000002107F0D3FBE0644DF6E56043F2D8521F
:10607000C0F60000C0F60102002107F0C7FB206552
:106080004FF28D4043F26862C0F60000C0F6010294
:10609000002107F0BBFB60654CF2750043F2EC4257
:1060A000C0F60000C0F60102002107F0AFFBA065BA
:1060B0004BF2F96043F21032C0F60000C0F6010264
:1060C000002107F0A3FBE0654BF6A51043F2443234
:1060D000C0F60000C0F60102002107F097FB206621
:1060E0004DF2752043F2A452C0F60000C0F6010242
:1060F000002107F08BFB606643F25860C0F6010098
:1061000007F016F9A06610BD2DE9F04F87B0002703
:1061100043F630000697CDE90477CDE90277019781
:10612000C4F20200016841F2000441F01001016074
:106130000168C4F2020401F0100101910199019774
:106140000168012241F004010160016801F00401CD
:10615000019101990197016841F080010160016896
:1061600001F08001019101990197016841F001015D
:106170000160016801F00101019101990197016835
:1061800041F002010160016801F0020101910199F1
:106190000197016841F00801016000684FF4C07187
:1061A00000F00800019001982046FBF7EBFE204626
:1061B0004FF480610022FBF7E5FEA4F540694846F4
:1061C0004FF440610022FBF7DDFEA4F58065284610
:1061D0004FF4B04101220095FBF7D4FE28464FF45E
:1061E00000510022FBF7CEFEA4F5006B58464FF499
:1061F00080710122FBF7C6FE58464FF40071002261
:10620000FBF7C0FEA4F5805A50464FF4C851002257
:10621000FBF7B8FE49F21C0002AE029003252046AF
:106220003146CDE90357FBF7D7FD4EF6374002A9BB
:10623000A1C158463146FBF7CFFDFC2002A9A1C100
:1062400050463146FBF7C8FD062002A9A1C14846C9
:106250003146FBF7C1FD4FF4C07002900120CDE93B
:106260000307204631460595FBF7B6FD4FF48060E5
:1062700002900120CDE903070590204631464FF0FA
:106280000108FBF7A9FD4FF44060CDE9020848463C
:106290003146CDE90477FBF79FFD4FF48050029023
:1062A0004FF4881003900220049048463146FBF7D3
:1062B00093FDDDF8009048F2934002900324484695
:1062C0003146CDE90347FBF787FD4FF4F040CDE9B8
:1062D000020848463146CDE90474FBF77DFD4FF4D2
:1062E000807558463146CDE90258CDE90477FBF771
:1062F00073FD4FF40070CDE9020802245846314680
:1063000004970594FBF768FD50463146CDE90258E5
:10631000049402240597FBF75FFD4FF4C050CDE9CC
:10632000020850463146CDE90474FBF755FD0820BC
:10633000CDE90207484631460497FBF74DFD03209F
:10634000CDE9020741F20000C4F202003146049791
:10635000FBF742FD07B0BDE8F08F000080B54DF2BD
:10636000706043F20001C2F20100C4F20001032296
:10637000132380E80E00FCF74FFC002808BF80BD07
:10638000BDE88040FBF746B880B54DF27C6043F62F
:106390000001C2F20100C4F200014FF48272002336
:1063A0004FF4007C80E80E000A21C0E90333C0E905
:1063B000053CC361C0E90833C0E90A31FDF760F864
:1063C000002808BF80BDBDE88040FBF723B800006F
:1063D00080B588B04DF2D4700021C2F2010044F2C1
:1063E000004240F2E73CCDE90611CDE90411C4F2C8
:1063F000010240F24733C0E9021C01618021C0E97B
:1064000000238161FDF7CCF9002818BFFBF702F8E3
:106410004DF2D470C2F20100FEF74CF9002818BF0B
:10642000FAF7F8FF602001900020CDE90200042077
:1064300005904DF2D470C2F2010001A90022FEF7CE
:106440002BF8002818BFFAF7E5FF4DF2D470C2F21E
:106450000100FDF743FE08B080BD000080B588B0A4
:106460004DF6A8000021C2F2010044F6000240F2FD
:10647000E73CCDE90611CDE90411C4F2010240F276
:106480004733C0E9021C01618021C0E9002381611A
:10649000FDF786F9002818BFFAF7BCFF4DF6A800F3
:1064A000C2F20100FEF706F9002818BFFAF7B2FFA2
:1064B000602001900020CDE90200042005904DF6F7
:1064C000A800C2F2010001A90022FDF7E5FF0028A3
:1064D00018BFFAF79FFF4DF6A800C2F20100FDF7C2
:1064E000FDFD08B080BD000080B58CB04DF67C107D
:1064F0000021C2F2010041F600024FF0630C0B9143
:10650000CDE909110791CDE90511CDE90311CDE9D7
:106510000111C4F2000240F24733C0E9021C0161DC
:106520008021C0E900238161FDF73AF9002818BFF6
:10653000FAF770FF4FF4805008904DF67C10C2F2CD
:10654000010008A9FDF79AFA002818BFFAF762FFC0
:106550004DF67C10C2F20100FDF72AFF002818BF9B
:10656000FAF758FF00203221019002910221059094
:106570004DF67C100391C2F2010001A90022FDF743
:106580003DFE002818BFFAF745FF0CB080BD0000A3
:1065900010B588B04DF650200021C2F2010041F63E
:1065A000004241F28734CDE90611CDE90411C4F26D
:1065B00000025323C0E9021401618021C0E90023D5
:1065C0008161FDF7EDF8002818BFFAF723FF4DF6BB
:1065D0005020C2F20100FDF7EBFE002818BFFAF7C9
:1065E00019FF4DF650240020C2F20104CDE901004C
:1065F0000390059001A920460022FDF7FFFD002829
:1066000018BFFAF707FF2068816941F0080181612E
:1066100008B010BD10B596B04DF2007000220021F8
:10662000C2F20100C4F2010240F2473340F2E73403
:106630004FF0800C1591CDE913111191CDE90F1197
:10664000CDE90D11CDE90B11CDE90911CDE9071106
:10665000CDE90511CDE90311CDE90111C0E9002310
:10666000C0E90214C0E90411C0F818C0FDF798F899
:10667000002818BFFAF7CEFE4FF4805012904DF26A
:106680000070C2F2010012A9FDF7F8F9002818BF46
:10669000FAF7C0FE4DF20070C2F20100FEF70AF8F0
:1066A000002818BFFAF7B6FE4DF200700024C2F2BF
:1066B000010010A9CDE91044FDF718F8002818BF13
:1066C000FAF7A8FE6020CDE909040420CDE90D0405
:1066D0004DF20070C2F2010009A90022CDE90B447D
:1066E0000F94FDF7D9FE002818BFFAF793FE4DF27C
:1066F0000070C2F2010009A90422FDF7CDFE0028B6
:1067000018BFFAF787FE4DF20070C2F2010009A926
:106710000822FDF7C1FE002818BFFAF77BFE4DF2F4
:106720000070C2F2010009A90C22FDF7B5FE002895
:1067300018BFFAF76FFE00200590CDE90300CDE900
:1067400001004FF4005108904DF200700691C2F222
:10675000010001A9FCF7A6FF002818BFFAF75AFEAE
:106760004DF20070C2F20100FDF7B8FC16B010BD8A
:1067700080B58CB04DF6F8300021C2F201004FF028
:106780008042C0E900218022826103224EF660230C
:10679000CDE903210122CDE90011C0E90213016115
:1067A000CDE90521CDE90711CDE909210B9103A917
:1067B000FDF730FA002818BFFAF72CFE4DF6F83036
:1067C000C2F201006946FCF791FF002818BFFAF7F2
:1067D00021FE0CB080BD000080B58CB04DF6CC40E1
:1067E00040F200420021C2F20100C4F20002C0E9FE
:1067F00000218022826103224EF66023CDE903212D
:106800000122CDE90011C0E902130161CDE90521A2
:10681000CDE90711CDE909210B9103A9FDF7FAF99B
:10682000002818BFFAF7F6FD4DF6CC40C2F2010081
:106830006946FCF75BFF002818BFFAF7EBFD0CB0C8
:1068400080BD000080B58CB04DF6A05040F600022F
:106850000021C2F20100C4F20002C0E9002180223E
:10686000826103224EF66023CDE903210122CDE9A6
:106870000011C0E902130161CDE90521CDE907113D
:10688000CDE909210B9103A9FDF7C4F9002818BF30
:10689000FAF7C0FD4DF6A050C2F201006946FCF7C0
:1068A00025FF002818BFFAF7B5FD0CB080BD000029
:1068B00080B58CB04DF6746040F600420021C2F203
:1068C0000100C4F20002C0E900218022826103229B
:1068D0004EF66023CDE903210122CDE90011C0E984
:1068E00002130161CDE90521CDE90711CDE90921A7
:1068F0000B9103A9FDF78EF9002818BFFAF78AFD5E
:106900004DF67460C2F201006946FCF7EFFE002804
:1069100018BFFAF77FFD0CB080BD000080B582B0D3
:106920004DF648700021C2F2010041F2004242F2ED
:106930000F7CCDE90011C4F200025323C0E9021C10
:106940008021C0E900238161FCF72AFF002818BFDD
:10695000FAF760FD4DF64870C2F201006946FCF797
:10696000C5FE002818BFFAF755FD02B080BD000033
:1069700080B58CB04EF21C000021C2F2010044F23E
:10698000000240F2E73C0B91CDE909110791CDE9F6
:106990000511CDE90311CDE90111C4F2010240F264
:1069A0004733C0E9021C01618021C0E900238161F5
:1069B000FCF7F6FE002818BFFAF72CFD4FF48050C4
:1069C00008904EF21C00C2F2010008A9FDF756F82B
:1069D000002818BFFAF71EFD4EF21C00C2F201009B
:1069E000FDF768FE002818BFFAF714FD602001903B
:1069F0000020CDE90200042005904EF21C00C2F2F6
:106A0000010001A90022FDF747FD002818BFFAF791
:106A100001FD4EF21C00C2F2010001A90422FDF7A3
:106A20003BFD002818BFFAF7F5FC4EF21C00C2F23D
:106A30000100FDF753FB0CB080BD0000B0B54EF275
:106A4000702045F20001C2F20100C4F2000148F2D8
:106A5000A06204240025C0F201024FF480534FF4D9
:106A6000005C4FF4806E80E80E50C0E90545C561BA
:106A7000FEF7E8FB002808BFB0BDBDE8B040FAF75C
:106A8000C9BC000080B54EF2F00041F20001C2F234
:106A90000100C4F2010100234FF00C0C4FF4E1326D
:106AA00080E80E00C0E90333C0E905C3C361FEF707
:106AB000C9FB002808BF80BDBDE88040FAF7AABC2A
:106AC00080B54EF2701044F20041C2F20100C4F2EF
:106AD000000100234FF00C0C4FF4165280E80E001A
:106AE000C0E90333C0E905C3C361FEF7ABFB00286F
:106AF00008BF80BDBDE88040FAF78CBC80B54EF27F
:106B0000F01044F60001C2F20100C4F2000144F2A8
:106B1000402200234FF00C0CC0F20F0280E80E0060
:106B2000C0E90333C0E905C3C361FEF78BFB00284E
:106B300008BF80BDBDE88040FAF76CBC80B54EF25E
:106B4000F02041F20041C2F20100C4F20101002331
:106B50004FF00C0C4FF4E13280E80E00C0E9033333
:106B6000C0E905C3C361FEF76DFB002808BF80BD07
:106B7000BDE88040FAF74EBC80B54CF64C2049F297
:106B8000DD41C2F20100C0F60001002202F02AF845
:106B9000002818BFFAF73EFC4CF64C204CF244019A
:106BA000C2F20100C2F2010102F04CFC002818BF41
:106BB000FAF730FC4CF64C20C2F2010002F084FCE3
:106BC000002808BF80BDBDE88040FAF723BC000064
:106BD000FEE70000FCF76CFAFEE700004DF24C20E7
:106BE000C2F20100FBF7ACBA000000000000000098
:106BF000EFF30980BFF36F8F154B1A681EF0100F6B
:106C000008BF20ED108A20E9F04F10602DE909003F
:106C10004FF0500080F31188BFF34F8FBFF36F8F99
:106C20000AF0C6FE4FF0000080F31188BDE80900AD
:106C300019680868B0E8F04F1EF0100F08BFB0ECFC
:106C4000108A80F30988BFF36F8F704700BF00BFC1
:106C500068C2012080B54CF21850C2F20100032135
:106C600000238362C0E904114CF2803143F65302E1
:106C7000C2F20101C0F6010201314CF2C05E4FF4D4
:106C8000806CC0E9182145F25241C2F2010EC0E900
:106C900008C34FF0100CC0F25401C0E9062EC362C5
:106CA000C0F868C0C366C0F8071044F24751C0F28C
:106CB0005201C0F8031044F25351C4F2477101600D
:106CC0002021C0E91C33817180BD000070B54CF2F9
:106CD000185EC2F2010E9EF800308C46BBBB032149
:106CE00043F653030026C0F601034CF2C054CEF81D
:106CF0002860CEE904110EF11801C2F201044FF42C
:106D0000806578C14CF28031C2F201010131CEE9D7
:106D1000183145F252411024C0F25401CEF82C60D3
:106D2000CEF86840CEF86C60CEF8071044F24751B8
:106D3000C0F25201CEF8031044F25351C4F247712D
:106D4000CEF800102021CEE91C668EF80610EFF375
:106D500011844FF0200181F31188614600F004F89E
:106D600084F3118870BD00002DE9F04792464CF283
:106D7000185200EB4000C2F2010202EBC002D06ADE
:106D80000D46022802F118092CD001281ED0002837
:106D900040F08A80D9F80C40D9F81000A0427BD985
:106DA000E14308445045C0F07F80D9E901010E1B42
:106DB000B24520445ED229465246F9F776FC04EBF0
:106DC0000A00C9F80C005046BDE8F087D9F80C401D
:106DD000D9F81010A14233D9E243D9F80800114480
:106DE00033E000BFD9F80C7054464FF0000A00BFE2
:106DF000D9F81010D9F80800FA43B9421144A0EBB1
:106E0000070698BF0144B14238BF0E46D9F80400C6
:106E1000A64228BF2646384429463246F9F745FCA3
:106E2000D9F80800F119A41B0F1AB244354418BF51
:106E30000F46002CC9F80C70DAD15046BDE8F08737
:106E4000D9F80800E24311440144514538BF8A464D
:106E5000061BD9F80400B24520440BD229465246FD
:106E6000F9F723FC0AEB0400C9F80C005046BDE812
:106E7000F08700BF29463246F9F717FCAAEB06084F
:106E8000D9F80400A9194246F9F70FFC5046C9F891
:106E90000C80BDE8F08700BFD9F80810E243104429
:106EA00008445045BFF481AF0020BDE8F0870000E2
:106EB000074B19680868B0E8F04F80F30988BFF302
:106EC0006F8F4FF0000080F31188704700BF00BF44
:106ED00068C20120FFF750FE012006F019FAFBE717
:106EE00080B54EF21000CEF2000000680BF0FCFE00
:106EF000012808BF80BDBDE880400AF0BDBE00008B
:106F000070B592B006AC20463021F9F73DFC002563
:106F100043F640000595CDE90355CDE901550095AF
:106F2000C4F202000168022641F08051016000684D
:106F300000F080500090009847F200000095C4F2E5
:106F40000000016841F480410160006800F4804065
:106F500000900098092006904FF48030079001209F
:106F60000B904FF480000D9008200E90A820CDE9E2
:106F70000F060720119020460C96FCF7A7F818B1D1
:106F800072B600BFFEE700BF0F20CDE901064FF447
:106F9000A05004904FF48050059001A8052103955E
:106FA000FBF762FF10B172B6FEE700BFFCF70EF808
:106FB00012B070BD4EF68850CEF20000016841F468
:106FC000700101604FF0006140F8801C70470000C4
:106FD0004DF6F830C2F2010000680169C90708BF28
:106FE00070476FF0010101614EF2E831C2F2010118
:106FF000006849685FEAC06CD1E902234FF0FF30B6
:1070000058BF0120801843EBEC72C1E902027047BF
:107010004DF6CC40C2F2010000680169C90708BF03
:1070200070476FF0010101614EF2E831C2F20101D7
:107030000068C9685FEAC06CD1E902234FF0FF30F5
:1070400058BF0120801843EBEC72C1E9020270477F
:107050004DF6A050C2F2010000680169C90708BFDF
:1070600070476FF0010101614EF2E831C2F2010197
:10707000006889685FEAC06CD1E902234FF0FF30F5
:1070800058BF0120801843EBEC72C1E9020270473F
:107090004DF67460C2F2010000680169C90708BFBB
:1070A00070476FF0010101614EF2E831C2F2010157
:1070B000006809685FEAC06CD1E902234FF0FF3035
:1070C00058BF0120801843EBEC72C1E902027047FF
:1070D0004DF64870C2F2010000680169C90708BF97
:1070E000704710B52DED028B6FF0010101614DF677
:1070F0007460C2F201004EF2E8340168C2F2010489
:107100009FED228A20684A6AB0EE480A002304F004
:1071100067FF4DF6F830C2F20100016860684A6A04
:10712000B0EE480A002304F05BFF4DF6A050C2F217
:1071300001000168A0684A6AB0EE480A002304F022
:107140004FFF4DF6CC40C2F201000168E0684A6A88
:10715000B0EE480A002304F043FF2068B0EE480A6E
:1071600004F0CCFE6068B0EE480A04F0C7FEA068E8
:10717000B0EE480A04F0C2FEE068B0EE480ABDEC8A
:10718000028BBDE8104004F0B9BE00BF0AD7233C13
:10719000B0B54DF67C15C2F201052B6800241869C4
:1071A000C4F20204C00709D06FF001001861204644
:1071B0004FF480710122FAF7E5FE2B681869800709
:1071C00058BFB0BD6FF0020520464FF48071002219
:1071D0001D61BDE8B040FAF7D5BE00004DF6243081
:1071E000C2F20100FCF7CEBE70B54DF65024C2F2DB
:1071F000010420684CF2F04501694EF6001689073B
:10720000C2F20105C2F201060ED56FF00201016162
:10721000286856F82000416A002088472868C11E67
:1072200018BF411C206829600169C90708BF70BDEB
:107230006FF001010161286856F82000416A0120C1
:107240008847286856F8200007F05CFF2868216806
:1072500056F820000069486370BD000010B540F684
:10726000FF3E0368C4F2000E40F2004C7045C4F2C9
:10727000010C25DCB0F1804F2FD040F20042C4F267
:107280000002904229D040F60002C4F2000290426F
:1072900023D041F6FF72C4F20002904227DC704511
:1072A0003ADCB0F1804F5BD040F20042C4F2000201
:1072B000904255D040F60002C4F200024EE000BFFA
:1072C00040F60042C4F20002904206D0604504D06D
:1072D0000022C4F201029042DBD14A6823F070031D
:1072E000134341F6FF72C4F200029042D7DD43F629
:1072F000FF72C4F20102904220DC42F20002C4F2AA
:10730000000290422CD00022C4F20102904227D009
:10731000604525D028E000BF40F60042C4F20002DC
:1073200090421DD041F60002C4F20002904217D0F4
:1073300041F60042C4F2000210E000BF44F2000235
:10734000C4F2010290420BD044F60002C4F20102E2
:10735000904205D044F20042C4F20102904203D1AF
:10736000CA6823F44073134323F080024B69D1F8B9
:1073700000E08C681A430260C46240F48062C0F886
:1073800028E0624504BF0969016301214161016987
:10739000C90708BF10BD016921F00101016110BDDD
:1073A00080B507F077FE002808BF80BDD0E9001047
:1073B000BDE88040084700004EF27020C2F2010094
:1073C000FDF78CBCC06B0021C185C184016E0847EC
:1073D000C06B01684A69436C212B2DD112F08002E9
:1073E0002AD00021C18400BF016851E8031F026850
:1073F00021F0C00142E80313DBB1016851E8031F2B
:10740000026821F0C00142E8031393B1016851E81A
:10741000031F026821F0C00142E803134BB1016869
:1074200051E8031F026821F0C00142E80313002B5A
:10743000DAD12021416401684969826C222A7CD119
:1074400011F0400179D00021C18500BF016851E8E9
:10745000031F026821F4907142E80313BBB3016873
:1074600051E8031F026821F4907142E8031373B3DB
:10747000016851E8031F026821F4907142E8031388
:107480002BB3016851E8031F026821F4907142E8B0
:107490000313002BDAD11AE0016851E8051F0268D6
:1074A00021F0010142E80513DBB1016851E8051F35
:1074B000026821F0010142E8051393B1016851E827
:1074C000051F026821F0010142E805134BB1016874
:1074D00051E8051F026821F0010142E80513002B65
:1074E000DAD1016B012924D1016851E8031F026838
:1074F00021F0100142E80313DBB1016851E8031FDA
:10750000026821F0100142E8031393B1016851E8C9
:10751000031F026821F0100142E803134BB1016818
:1075200051E8031F026821F0100142E80313002B09
:10753000DAD12021816400210163C16C026E41F027
:107540001001C164104700000168C06B0968C905DB
:1075500000F19D800021C185016851E8031F026888
:1075600021F4807142E80313E3B1016851E8031F7D
:10757000026821F4807142E803139BB1016851E86D
:10758000031F026821F4807142E8031353B10168BC
:1075900051E8031F026821F4807142E80313002BB5
:1075A000DAD100BF016851E8051F026821F001012E
:1075B00042E80513BBB3016851E8051F026821F0DA
:1075C000010142E8051373B3016851E8051F026821
:1075D00021F0010142E805132BB3016851E8051FB2
:1075E000026821F0010142E80513002BDAD11AE00C
:1075F000016851E8051F026821F0400142E80513C7
:10760000DBB1016851E8051F026821F0400142E842
:10761000051393B1016851E8051F026821F040018C
:1076200042E805134BB1016851E8051F026821F0DB
:10763000400142E80513002BDAD120218164016B5F
:10764000012924D1016851E8031F026821F01001CB
:1076500042E80313DBB1016851E8031F026821F01F
:10766000100142E8031393B1016851E8031F026857
:1076700021F0100142E803134BB1016851E8031FE8
:10768000026821F0100142E80313002BDAD1002137
:107690004163016B012903D1426F818D104700BF07
:1076A000C16D0847C06B01214163016B012903D102
:1076B000818D426F49081047816D08470168C06B92
:1076C0000968C90550D40021C18400BF016851E890
:1076D000051F026821F0800142E8051383B30168A9
:1076E00051E8051F026821F0800142E805133BB311
:1076F000016851E8051F026821F0800142E8051386
:10770000F3B1016851E8051F026821F0800142E8E9
:107710000513002BDAD113E0016851E8031F02685A
:1077200041F0400142E80313002B08BF7047016895
:1077300051E8031F026841F0400142E8031393B18E
:10774000016851E8031F026841F0400142E8031359
:107750004BB1016851E8031F026841F0400142E863
:107760000313002BD8D17047416D0847C06B016DE2
:107770000847000081B0816C222920D1836802462D
:10778000B3F5805F08D152F8281F52F8183C002B3F
:1077900062D003685B6809E052F8281F13B90369D7
:1077A000002BF6D003685B6803F07F030B70116851
:1077B00001311160C18D01390A04C18502D001B0C7
:1077C000704700BF0168CA6822F02002CA60CA6818
:1077D00022F48072CA604A6922F001024A612021C3
:1077E000816400214163026B012A3DD1016300BF26
:1077F000016851E8031F026821F0100142E80313F9
:10780000DBB1016851E8031F026821F0100142E872
:10781000031393B1016851E8031F026821F01001BE
:1078200042E803134BB1016851E8031F026821F0DD
:10783000100142E80313002BDAD101680A68D2066E
:1078400006D5002200920A680092496800910099CA
:10785000426F818D01B01047026852686FF35F225A
:1078600021F8022B8162A5E7C16D01B00847000035
:10787000B0B50446006804F108030ECB056919434E
:1078800025F440552A4302616269E3691143C268E5
:10789000194349F20C639A431143C1604169A269DB
:1078A00021F4407141F20043114340F48062C4F27C
:1078B00001039A42416103D1FBF7C2FB02E000BF22
:1078C000FBF7AAFBE1694FF69C7563681922C0F6C5
:1078D000FF75B1F5004FA0FB02011FD15A00DB0F6D
:1078E000F8F721FD48F21F51C5F2EB11A0FB01236F
:1078F0005A0905F1805302FB0300322303EBC00059
:10790000A0FB01014FF4F87000EA111000EB021027
:10791000C1F34211084421688860B0BD9A009B0FF2
:10792000F8F701FD48F21F51C5F2EB11A0FB01234E
:107930005A0902FB0500322303EB0010A0FB0101F2
:10794000F02000EA511000EB0210C1F3431108448B
:1079500021688860B0BD00004EF27010C2F20100D4
:10796000FDF7BCB94EF2F010C2F201000021016433
:10797000FDF7B4B92DE9F04381B04EF2F028C2F220
:107980000108D8F800004EF690590168C2F20109CA
:10799000890619D40168490634D40168090656D508
:1079A0006FF08001016099F81B20D9F8281003328C
:1079B00091424FD24A1CC9F828204944097E4160AF
:1079C00001B0BDE8F08300BF6FF020010160D0F886
:1079D00004E0D9F80020062A58D8DFE802F0055B59
:1079E0004D533F697D0000BF6FF0540252FA8EF193
:1079F000B1FA81F14909C9F80010552189F804103C
:107A0000C8E700BF6FF04001016099F82C00012821
:107A100008D14CF21820C2F20100006805F0C4FE43
:107A20000FE000BF41F20004C4F2020420464FF40C
:107A300080710022FAF7A6FA204680210122FAF787
:107A4000A1FAD8F80000C16821F04001C16001B07E
:107A5000BDE8F083C16821F08001F7E799F80720BD
:107A6000002189F808E0C9F81410062A18BF052279
:107A7000C9F800208EE700BF032189F806E0C9F8A5
:107A8000001087E75FFA8EF2082A2FD30021C9F889
:107A900000107FE76FF0540252FA8EF1B1FA81F1D3
:107AA00049094900C9F80010552189F8051071E706
:107AB000D9F81420531C4A44C9F8143082F809E05C
:107AC000D9F8141099F807200331914204BF062118
:107AD000C9F800105EE700BF99F8072062B1042AD8
:107AE00002F0030C0AD2002302221AE0042189F8D2
:107AF00007E0C9F800104DE7FF2223E002F0FC0286
:107B00000023002509EB0506B779F179347A3B4467
:107B1000767A194421440435AA4206EB0103F1D1D7
:107B2000AA1CBCF1000F0CD04A441579BCF1010F1E
:107B30002B4406D05579BCF1020F2B441CBF92791F
:107B40001344DA435FFA8EF1D2B200238A42C9F8B5
:107B500000307FF41FAF4CF21820C2F20100006821
:107B600005F022FED8F8000014E7000090F89124F8
:107B7000120601D400225AE090F89524120601D48E
:107B8000012254E090F89924120601D402224EE01A
:107B900090F89D24120601D4032248E090F8A12415
:107BA000120601D4042242E090F8A524120601D462
:107BB00005223CE090F8A924120601D4062236E002
:107BC00090F8AD24120601D4072230E090F8B124D9
:107BD000120601D408222AE090F8B524120601D436
:107BE000092224E090F8B924120601D40A221EE0EA
:107BF00090F8BD24120601D40B2218E090F8C1249D
:107C0000120601D40C2212E090F8C524120601D409
:107C10000D220CE090F8C924120601D40E2206E0D1
:107C200090F8CD24120644BFFF2070470F2200F5C4
:107C3000926001F5004140F82210104670470000A4
:107C400080B501F045F8002080BD00008268012A5F
:107C500005D14FF48172818300218261C1830021AB
:107C6000002200F015B8000080B584B094460122CF
:107C70004FF0000ECDE9002119460023CDF80CE0AD
:107C8000CDF808C001F04AF9002004B080BD000022
:107C900070B582B004468068022815D001282BD127
:107CA000012502202161A2822562A0600322D4F86E
:107CB000E40404F2EC41C4F8EC240022002305F0B3
:107CC00017FC284602B070BD206A01380A2800F26D
:107CD000ED800FF20601DFE800F007532D39136B3A
:107CE00081479B218F0000BF627B04F11801204671
:107CF00000F00AF902207BE00125284602B070BDA1
:107D00002169A28A637B01252046009500F0E2F8F4
:107D1000D4F8D004E08206202062C7E7617B2046C9
:107D200001F032F8012800F08180042831D00228C7
:107D300017D0BBE0D4F8D0042169A28A237BE0826B
:107D40002046FFF791FF042052E000BF217B204630
:107D500001F01AF805286DD004281AD0012840F047
:107D6000A580092016E000BF217B204601F00CF819
:107D700001285BD005285DD0042840F0978008E0FA
:107D8000617B204601F000F8042818BF022840F06B
:107D900075800B2004F2EC4103222062D4F8E40445
:107DA000C4F8EC240022002305F0A2FB01257DE7A6
:107DB000617B204600F0E8FF411E04294FF00105D9
:107DC0003FF674AF03260C20DFE801F00682047250
:107DD000320000BF6AE700BF0720DBE7237B2046B5
:107DE00000210022FFF740FFD4F8D004E0820820F1
:107DF000206201255AE700BF94F824000130C1B287
:107E0000022984F8240027D801252562A5604DE7C2
:107E1000637B0125204600210022009500F05AF8DE
:107E2000D4F8D004E0820A2020623FE700260D202B
:107E3000206200E003260322D4F8E40404F2EC41BB
:107E4000C4F8EC2400220023002505F051FB01209A
:107E5000A0602562354629E7D4F8E02420460621B3
:107E60009047617B0025204684F8245000F0DEF81E
:107E7000217B204600F0DAF8256026E0012815D1A4
:107E800094F91800E18BB0F1FF3F4FF003004FF081
:107E90000903C8BF0520C8BF07230322002918BF54
:107EA0000346236204F2EC4178E700BF0125FDE6BA
:107EB0000B2020620322D4F8E40404F2EC41C4F85D
:107EC000EC240022002305F013FB01200225ECE640
:107ED00005205FE710B584B09E4690F8293494469B
:107EE000069A0024002B18BF22460123CDE9003159
:107EF0000392714600220023CDF808C001F00EF86D
:107F0000002004B010BD000080B584B08C46002174
:107F100008230091CDE90231114600220023CDF85B
:107F200004C000F0FBFF002004B080BDF9F740BFA3
:107F3000FF2911D1FF2A21D1FF2B5FD090F85514D2
:107F400099425BD090F86F144FF0FF30994208BF10
:107F50000120C0B2704700BF90F853C4FF2A1DD162
:107F6000FF2B2DD18C4549D090F86D244FF0FF3078
:107F70008A4208BF0120C0B2704700BF90F8541475
:107F8000FF2B29D1914239D090F86E144FF0FF3079
:107F9000914208BF0120C0B2704700BFFF2B23D120
:107FA0008C4503D190F85434934227D090F86D3427
:107FB0008B4237D190F86E0490422FD032E000BF50
:107FC0008C4503D190F855249A4217D090F86D242F
:107FD0008A421FD026E000BF914217D190F8551475
:107FE00099420BD012E000BF8C450BD190F854C4DD
:107FF000944507D190F855C49C4503D10020C0B2E8
:10800000704700BF90F86DC48C450BD190F86E148A
:10801000914207D190F86F04984203D10120C0B279
:10802000704700BFFF20C0B2704700000F2907D87B
:1080300000EB8100D0F890146FF3DF31C0F890149A
:108040000020704780B59C4683689646029A012BB3
:1080500010D141F080010176062141762EF0FF011A
:108060000023A0F81AE0B1F5407F08BF40F20943B1
:108070008383C2836146BDE88040FFF709BE0000EC
:1080800002780B88104413440B807047B1F5007FD1
:1080900084BF032070472DE9F04F87B00D468168FB
:1080A00000F12804012907D14FF4D06101834FF476
:1080B0000071C0F81A10C58321462A468246FFF790
:1080C000E7FD18B107B0BDE8F08F00BF9AF82800AF
:1080D00009281CBF0920207009209AF829108AF865
:1080E00044049AF82B008AF8451401289ABF9AF89C
:1080F0002A1041EA00264FF400769AF82C10DAF89C
:108100002D000A2DAAF846648AF84814CAF84904D2
:10811000C0F0F8800A2E4FF000000191C0F0F68008
:108120000AF24E414FF0090C002200250927029166
:10813000069600BF21780C4463780F44042B40F06E
:10814000D8802178092918BF84F800C0029E1A211E
:1081500002FB0163514306F801C061780395597031
:10816000A1789970E178D9702679B146022E28BF9E
:108170004FF0020983F804906179002E5971A279B9
:108180009A71E579DD710495257A1D7200F0AC8055
:1081900002F0FE0281F0010182F002021143B1FA05
:1081A00081F1069E490903F10A0B4FF0000C4FF0D4
:1081B000000E059110E000BF99B2082988BF032086
:1081C000BCF1000F08BF03200EF1010E5FFA8EFC18
:1081D000CC45474480F08980B9B2B14280F0A2809A
:1081E00094F80080444461780529EFD1059848B19E
:1081F0000499207849B9092109284FF0090002D1D2
:1082000003E000BF0721084621700BF83C006078AE
:108210000BEBCC025070A0789AF829149070E57896
:10822000D5702079667940EA0623A3F20120938075
:1082300080B294F806C0B0F57E4F4FF0000038BF12
:108240000320022982F806C01ED0012910D039BBB4
:1082500005F00301069EDFE801F03D03410300BF86
:10826000ACF1110111F1100F38BF0320ACE700BFD2
:1082700005F00301DFE801F002180224402B88BF5B
:108280000320069EA0E700BF05F00301069E032918
:108290003FF492AF29B9B3F1080018BF032093E768
:1082A000069E032090E700BF9AB2ACF11101402A6C
:1082B00088BF032011F1100F38BF0320069E83E70B
:1082C000F1B2032988BF0320BCF1000F08BF0320CF
:1082D000069E79E7402B88BF032075E7B3F5007F42
:1082E00088BF032070E700BF069E039D4FF0090C76
:1082F0000135EAB2012A0AD8B9B2B142FFF41AAF85
:1083000005E000BF002007B0BDE8F08F0025019A0E
:10831000E9B2022A28BF02228A4288BF032007B09E
:10832000BDE8F08F032007B0BDE8F08FB1F5007F06
:1083300084BF03207047B0B50C468168012900F561
:108340000A7107D14FF4D06202834FF48072C0F8F3
:108350001A20C48322460546FFF79AFC00B1B0BD3F
:10836000D5F82802B5F82D22C5F8320495F82C026C
:10837000A5F8372495F8292485F8360495F82F02B6
:108380002946022A85F839040CD208384FEAF00051
:1083900008280AD2C0B28B2222FA00F0C00704D00B
:1083A00006E000BF06D1082802D0082081F8390471
:1083B000002000E00320092C38BFB0BDB1F8302206
:1083C00091F83632A1F83A24D1F8322281F84034BB
:1083D000C1F83C24B1F8372291F83932A1F8412490
:1083E00081F84334B0BD000070B505464FF003007E
:1083F000D2B11E46B3F5007F88BF70BDA868144691
:10840000012805F50A7209D101F540704FF4D061D9
:10841000688340F209402983A883EE8328461146E9
:108420003246FFF735FC08B170BD00BF95F8290250
:1084300003281CBF002070BD95F828020238B04206
:1084400088BF304680B2E8B105F22A21002200BF81
:10845000931C8E5C9BB28342267017D2CE5C131D98
:108460009BB28342667015D2CE5C931D9BB2834251
:10847000A67013D2CB5C083292B2E370824204F150
:108480000404E5D30020207070BD00BF013400203B
:10849000207070BD02340020207070BD03340020B5
:1084A000207070BD70B582B00446D0F88804C569EC
:1084B0000120E96805295AD8DFE801F004592E04A3
:1084C000384600BF668D0A2E24D304F12800092106
:1084D0000DF10604ADF80610BDF80610B14219D230
:1084E0002146FFF7CDFD41782129F5D1017885F8A6
:1084F0002E10417885F82F1041882986017985F85A
:108500003210417985F83310817985F83410B0F84C
:108510000700E886022012E0E98E204600F048F9C4
:10852000032823D060B9042009E000BF204632218F
:10853000002200F03DFB032800D008B90520E860C8
:10854000012002B070BD00BF2046002100F03CFBBE
:1085500003280BD00028F3D10120D4F8E024E860F0
:10856000204602219047002002B070BD022002B0D8
:1085700070BD000010B582B0044600F0CDF8FF28B1
:1085800016D1204600F0DEF890B101886A46ADF8B9
:1085900000108178D0F803008DF80210CDF80300A8
:1085A0004EF26840C2F201000821072305F062FE86
:1085B00002B010BD002383720281C0E9001370472E
:1085C0008446807A20B1002190B28CF80A1070475E
:1085D00001208CF80A00EAB110B5BCF8063000247E
:1085E000BCF804E09BB273451AD0DCF800000134FB
:1085F000C05C01F8010BBCF80600BCF808E00130D3
:1086000083B2B3EB0E0318BF03469442ACF80630B6
:10861000E6D306E00022002190B28CF80A107047E1
:108620002246BDE81040002190B28CF80A10704735
:10863000B0B58646807A28B1002190B28EF80A1033
:10864000B0BD00BF4FF0010C8EF80AC052B3BEF8A7
:108650000430002014E000BF11F8014BDEF8005098
:108660009BB2EC54BEF8043001305C1CBEF80830FC
:10867000A5B2EB1A18BF23469042AEF80430DBD205
:10868000BEF806501CFA83F4AC4205D0002DE3D1AD
:10869000BEF80850AC42DFD10246002190B28EF8FD
:1086A0000A10B0BD0022002190B28EF80A10B0BDB1
:1086B000D0F888144CF29C32D1F81CC0C2F20102EE
:1086C0000023C2E90833C2E90A33C2E90C33C2E924
:1086D0000E33C2E91033BCF8201013802129C2F8F0
:1086E0000330C2E90233C2E90433C2E9063324BFCE
:1086F0002021ACF8201080B502F128010CF1100205
:10870000CCF81C1000F50A7110464FF4A072FFF768
:1087100051FF002080BD0000014600680B284FF08B
:10872000FF0018BF704791F830241A2312FB031181
:1087300091F85514022908BF0120012908BF022021
:1087400070470000B0B5D0F88804C5692A8C6AB3B8
:108750004CF29C34C2F2010405F1100004F108014E
:10876000FFF72EFF298C88424FF000001DD1217F9A
:10877000022908BFB0BDE0890F2100BA000C20809B
:10878000607BE27A21EA0000A070607AA17A80F032
:108790008000237BE07081F07F00207182F08000F8
:1087A000607183F07F00A0712046B0BD0020B0BD95
:1087B000B1F5007F84BF0320704780B582B08C463E
:1087C00000F50A7301214FF40852CDF800C0FFF7FD
:1087D00039FC02B080BD000080B5DDF808E042EA57
:1087E00001219C4640F2A113418300210383818330
:1087F00061467246A0F81EE0BDE88040FFF748BA27
:10880000B0B50446D0F88804C569697841B12046FE
:10881000FFF716FA69782046FFF708FC0020687019
:10882000297841B12046FFF70BFA29782046FFF757
:10883000FDFB00202870D4F88804C06928B1F7F740
:108840004BFDD4F888040021C1610020B0BD0000B8
:10885000F0B583B00446D0F88804002201792046A0
:10886000FF23FFF765FB012805D80546204629466A
:1088700000F0F6FD10B1022003B0F0BD01203C2154
:10888000F7F715FDD4F888140028C861F3D01A2131
:1088900015FB014191F855240723012A436007D0B5
:1088A000022A0BD148F6E112C0F600021AE000BF1E
:1088B00048F69912C0F6000214E000BFB4F83C2458
:1088C00040F275539A4203D040F226539A42D2D1D5
:1088D000B4F83A2442F263539A42CCD148F2B162DE
:1088E000C0F6000201F24E4500214160C160297BC3
:1088F00082632A7C2E7980F82210E989322A018449
:1089000098BF3222002E828443D095F90C10B1F129
:10891000FF3F1DDCC9B2417207462046FFF726F92A
:10892000014694F829047A7A94F82834B7F820C0DC
:108930004FF0030ECDE9000E20467970CDF808C047
:1089400000F006FB79782046002200F0B9FA38469C
:10895000012E1ED095F91410B1F1FF3F19DCC9B2F8
:10896000417205462046FFF701F9014694F82904B3
:108970006A7A94F828342F8C0326CDE90006204625
:108980006970029700F0E4FA69782046002200F04E
:1089900097FA002003B0F0BDD0F888144CF24832AA
:1089A000C969C2F201020B8C092B4FF00003C2F817
:1089B0001530C2F81130C2E90033C2E9023324BFD6
:1089C00008230B8480B50832CA6101F1100200F55A
:1089D0000A7110465022FFF7EDFD002080BD000017
:1089E000D0F888144CF26832C969C2F201020B8CCB
:1089F000092B4FF0000313601371C2E90233C2E97F
:108A0000043324BF08230B8480B51032CA6101F1FE
:108A1000100200F50A7110465022FFF7CBFD00202E
:108A200080BD000070B582B00446D0F888040025EF
:108A3000C6697068062816D8DFE800F0042A151504
:108A4000183E4800B16B2046884701207060022222
:108A5000D4F8E40404F2EC41C4F8EC24002200232E
:108A6000002504F045FD284602B070BDF16996F876
:108A700020207378204600F017F906207060D4F8A3
:108A8000D0040025B06286F82C50284602B070BD94
:108A9000F36996F820502046012100220095FFF747
:108AA0009BFE03284FF002022ED828A12BA351F8D9
:108AB000201053F8205029E0D4F8D00404F2EC41FF
:108AC0000222C0071CBF0420706022E0717820469B
:108AD00000F05AF97178012826D1204600F046F9B5
:108AE00096F82C1000250029BDD10028BBD0F169D3
:108AF000328C06F11000FFF79BFD012086F82C0058
:108B00002046FFF737FDA2E707210225716004F236
:108B1000EC41D4F8E404C4F8EC240022002304F06F
:108B2000E7FC284602B070BD204600F02DF905286C
:108B300008D196F822102046FFF788F8002804BFD5
:108B4000042070600025284602B070BD05000000BA
:108B50000100000007000000050000000000000008
:108B6000000000000200000000000000D0F888149F
:108B7000C9694A68062A18D1D0F8D0C48B6A8A8C91
:108B8000ACEB0303934210D380B504224A60D0F8C3
:108B9000E424022300F2EC41C0F8EC341046002239
:108BA000002304F0A5FCBDE88040002070470000D1
:108BB00040F6212342EA012103834183002300215F
:108BC0000022C361FFF764B8B1FA81F140F62132A7
:108BD000490902834183002300210022C361FFF77A
:108BE00057B80000F0B581B0002853D004460D46B8
:108BF00080F8D82400F591604821F7F7C5FD0027DB
:108C000001202760C4E90170C4F8D07420624020BC
:108C10004FF48071A07304F12800C4F828144FF4B5
:108C2000806184F8247004F23246F7F7ADFD3046D7
:108C30005021F7F787FD10200421002284F82F74BB
:108C400084F82C7484F82D74002D84F82E7418BFC9
:108C5000C4F8E054002504F001FC4CF2F442C4F8DE
:108C6000E404C2F201020DA010604FF4006018216C
:108C7000C2E9050149F22140C0F60000214604F096
:108C8000C5FDC4F8E804204600F092F8284601B07B
:108C9000F0BD00BF0225284601B0F0BD5553424843
:108CA0005F5175657565000080B584B094460122FA
:108CB0004FF0000ECDE9002119460323CDF80CE05A
:108CC000CDF808C000F02AF9002004B080BD0000F3
:108CD00080B5D0F8DC04F9F779F903288FBF0220BA
:108CE00043F2B041C0F6010151F8200080BD000000
:108CF00080B50121002280F82C1480F82D2480F802
:108D00002E24D0F8E424C0F8EC1400F2EC41104614
:108D10000022002304F0ECFB002080BDB0B501254B
:108D2000044680F82D54002084F82C0484F82F0485
:108D3000204600F0E3F8217B2046FFF777F9617BBE
:108D40002046FFF773F9D4F8E40404F2EC41002262
:108D50000023C4F8EC5404F0CBFB0020B0BD0000AD
:108D600080B5C820F9F724F8002080BDD0F8DC04D5
:108D7000F9F728B980B5D0F8DC04F9F71BF9032816
:108D800028BF012080BD0000D0F8DC04F9F716B937
:108D9000D0F8D0140131C0F8D01401680B2918BFE5
:108DA0007047D0F8881409B18969084770470000F6
:108DB00090F8D81411B10020704700BF10B54DF2E3
:108DC0004C21C2F20101C1F820040446C0F8DC14B1
:108DD0000020C4F2040008600C20A1F80500012066
:108DE000C8710220A1F809000020C87288730874B5
:108DF0000846F9F753FE002818BFF8F70BFB4DF2B1
:108E00004C20C2F20100F9F7D1F80146204600F0EB
:108E100053F8BDE8104000207047000080B5D0F83E
:108E2000E424012300F2EC41C0F8EC3410460022A7
:108E3000002304F05DFB002080BD000010B584B06D
:108E4000DDE906CE089CD0F8DC04CDE900CE029422
:108E5000F9F7D0F803288FBF022043F2B041C0F6E3
:108E6000010151F8200004B010BD0000002180F87D
:108E70002F14704780B54FF0010E844680F82FE420
:108E8000D0F8E4040CF2EC4100220023CCF8ECE42E
:108E9000BDE8804004F02CBB80B5D0F8DC04F9F7C5
:108EA00087FE03288FBF022043F2B041C0F60101C4
:108EB00051F8200080BD0000C0F8D01470470000B9
:108EC000D0F8DC0400EB8110C17D143000290CBF08
:108ED00080F8292080F828200020704780B5D0F83D
:108EE000DC04F9F76DFE03288FBF022043F2B04186
:108EF000C0F6010151F8200080BD000080B5D0F817
:108F0000DC04F9F775FE03288FBF022043F2B0415D
:108F1000C0F6010151F8200080BD0000B0B584B05A
:108F2000DDE908CEDDE90A45D0F8DC04CDE900CE64
:108F3000CDE90245F9F7B4F803288FBF022043F2C8
:108F4000B041C0F6010151F8200004B0B0BD0000EE
:108F500010B584B0DDE906CE089CCDE900CE0294C0
:108F6000FFF76CFF002004B010BD0000F0B585B025
:108F700004460220049094F82D04012804BF032025
:108F8000206020680B2800F22B82DFE810F00D0033
:108F9000F500BF007D00290233006B00FF000901CE
:108FA0002D011301270000BF94F82C04002800F0C5
:108FB00017820125C8202560FEF7B8FF2046FFF77D
:108FC0006BFF002084F82804C4F8D404D4F8E40427
:108FD00004F2EC41C4F8EC543BE100BFD4F888043F
:108FE000002800F0FD81416920468847002005B037
:108FF000F0BD00BF6068072800F2EE81DFE810F0E6
:1090000008009201460174013A01B001BE017E01DF
:1090100020460821FFF78AF9032800F0D3810028B1
:1090200040F0DA8194F8390494F829240125217B51
:1090300094F82834A07365600027009202902046BF
:1090400080220197FFF784FF94F8290494F82834CC
:10905000617BA67BCDE90007204600220296FFF740
:1090600077FFBAE1D4F88804002800F0B6800169DF
:109070002046884704900498002800F0F180049866
:10908000022800F0AA80AAE0002604F592604021A0
:1090900084F82D644025F7F777FB01204FF48071A9
:1090A0002660C4E90160C4F8D064206204F128009D
:1090B000C4F828144FF48061A57384F8246004F286
:1090C0003245F7F761FB28465021F7F73BFBD4F810
:1090D000880420B1C16820468847C4F88864D4F861
:1090E000E02412B120460521904794F82E0401286F
:1090F00040F08C80002084F82E042046FFF7EEFE1E
:1091000020460121FFF72CFE9CE000BFD4F8E024AC
:1091100012B12046042190476420FEF707FF204645
:10912000FFF728FE84F8290405202060204600214E
:109130000025FEF71BFD607320468021FEF716FD1B
:10914000014694F8290494F82834A67B2173CDE9CC
:109150000005204680220296FFF7FAFE94F82904C3
:1091600094F82834617BA67BCDE9000520460022D7
:109170000296FFF7EDFE65E094F82F04012849D12F
:10918000002084F82B04022020605BE0D4F8E02467
:10919000002A00F0258120460121904708201DE08B
:1091A00094F84914204600F073F900284AD10920A8
:1091B000206047E0D4F88C0488B1D4F8840494F893
:1091C00053240179914218BF0020C4F8880420B1CB
:1091D000816820468847002844D00D20206004F292
:1091E000EC41052231E000BF94F84B04800609D51C
:1091F0002046012100F05AF90490049810B1049817
:1092000003281FD10A2020601CE000BF2046FFF782
:1092100065FE17E0D4F8D404B0F57A7F0CD994F841
:109220002B040130C1B2042984F82B0434BF002080
:109230000D20206006E000BF0A30C4F8D4040A20E4
:10924000FEF774FE04F2EC410122D4F8E404C4F801
:10925000EC240022002304F04BF9002005B0F0BDFF
:109260000B20BBE706202060D4F8E0242046032131
:109270009047B4E7B4F846142046FEF707FF0328EA
:109280005AD0002840F0A880052098E0204601210F
:10929000012500F0EFF8032800F08E80002840F050
:1092A0009C800220FEF742FE94F82924A37B01252E
:1092B0000320217B84F828546060002600920293EA
:1092C0002046802201230196FFF742FE94F82904EC
:1092D00094F82834617BA77BCDE900062046002264
:1092E0000297FFF735FE78E020460921FEF7CEFE13
:1092F000032821D000286FD1042060E094F84214A4
:10930000002957D004F50A722046FF23FFF76CF8B6
:109310000028014618BF0121033818BF012001EAC7
:1093200000055AE020461221FFF700F8032803D079
:10933000002851D1022042E094F82A040130C1B241
:10934000042984F82A0445D2617B2046FEF76EFE8C
:10935000217B2046FEF76AFE002060603BE000BFF4
:1093600094F8401441B104F50A722046FF23FFF738
:109370003BF8032800D078BB06200EE094F8411497
:1093800051B104F50A722046FF23FFF72DF8032898
:1093900002D008BB072012E0072060600522D4F845
:1093A000E40404F2EC41C4F8EC240022002304F0AD
:1093B0009FF811E0002510E00D2020600020606083
:1093C0000AE000BF94F82A040130C1B2042984F8ED
:1093D0002A041BD30D20206001250495049818B1A0
:1093E000002005B0F0BD00BF002084F8300494F8E0
:1093F00043040721012808BF082121600520C4F883
:10940000EC04D4F8E40404F2EC4122E7617B20464A
:10941000FEF70CFE217B2046FEF708FE0020DAE76F
:10942000044600F2EC4500BFD4F8E40429460022CB
:109430004FF0FF3303F0CAFF0028F5D12046FFF7B5
:1094400095FDF1E711B1D0F88C240AB102207047E4
:109450000122C0F88C24C0F884140020704700005A
:1094600090F8482491422EBF022080F8301400204A
:10947000704700008268012A05D14FF4A062418341
:1094800000210283C16100210022FEF701BC00001F
:109490008268012A05D14FF41062418300210283C2
:1094A000C16100210022FEF7F3BB00008268012A9F
:1094B00005D14FF44072418300210283C161002134
:1094C0000022FEF7E5BB000010B50446FFF706FDDD
:1094D00020460121FFF744FC002010BD052913D0D0
:1094E000042909D0022918BF704702204CF2E84134
:1094F000C2F201010860704701204CF2E841C2F25B
:1095000001010860704700BF03204CF2E841C2F23D
:10951000010108607047000082B002F47F42B2F59A
:10952000807F40F07F80826B4FF6BF7322F48032E1
:109530008263C268CFF6BD731A40C260029BC268E4
:10954000DBB222F44012012BC26003D1C26842F4A4
:109550008012C26000220092009A01320092009AAA
:10956000B2F1706F00F2BE800269002A21D4009A25
:1095700001320092009AB2F1706F00F2B38002697A
:10958000002A16D4009A01320092009AB2F1706F4C
:1095900000F2A8800269002A0BD4009A01320092DE
:1095A000009AB2F1706F00F29D800269B2F1FF3F44
:1095B000D2DC00220092026942F001020261009AAC
:1095C00001320092009AB2F1706F00F28B80026952
:1095D000D2071ED0009A01320092009AB2F1706F49
:1095E00000F280800269D20713D0009A0132009203
:1095F000009AB2F1706F75D80269D20709D0009A4B
:1096000001320092009AB2F1706F6BD80269D207F2
:10961000D5D14FF0000C01F47F01B1F5803F40F04F
:10962000818077E0C26842F04002C260002201926D
:10963000019A01320192019AB2F1706F5AD802690F
:10964000002A1ED4019A01320192019AB2F1706F80
:1096500050D80269002A14D4019A01320192019A69
:10966000B2F1706F46D80269002A0AD4019A013219
:109670000192019AB2F1706F3CD80269B2F1FF3FDA
:10968000D6DC00220192026942F001020261019AD5
:1096900001320192019AB2F1706F2BD80269D207A0
:1096A0001DD0019A01320192019AB2F1706F21D856
:1096B0000269D20713D0019A01320192019AB2F1E4
:1096C000706F17D80269D20709D0019A013201924E
:1096D000019AB2F1706F0DD80269D207D7D14FF05D
:1096E000000C09E04FF0030C01F47F01B1F5803F5D
:1096F00018D10FE04FF0030C826B13F47F4F14BFAF
:1097000022F4803242F48032826301F47F01B1F5A9
:10971000803F07D1816841F006018160816841F096
:1097200020018160604602B07047000001468068F9
:1097300020F0010200208A607047000081B0002202
:109740000092D0F8402401290092009A22F02E02C3
:109750000092009B009A08BF13F480530CD039B9D3
:1097600012F4805104D0009921F48051C0F84014C3
:10977000002001B0704700BF42F48051C0F840148F
:109780000098002001B070470146806840F0010257
:1097900000208A607047000081B00021009100998C
:1097A000013100910099B1F1706F51D80169002920
:1097B0001ED40099013100910099B1F1706F47D822
:1097C0000169002914D40099013100910099B1F187
:1097D000706F3DD8016900290AD4009901310091C8
:1097E0000099B1F1706F33D80169B1F1FF3FD6DC58
:1097F000002100911021016100990131009100992F
:10980000B1F1706F24D80169C9061DD500990131E5
:1098100000910099B1F1706F1AD80169C90613D58A
:109820000099013100910099B1F1706F10D8016970
:10983000C90609D50099013100910099B1F1706F05
:1098400006D80169C906D7D4002001B0704700BF0F
:10985000032001B07047000081B000220092009AFE
:1098600001320092009AB2F1706F51D80269002A59
:109870001ED4009A01320092009AB2F1706F47D85C
:109880000269002A14D4009A01320092009AB2F1BF
:10989000706F3DD80269002A0AD4009A0132009202
:1098A000009AB2F1706F33D80269B2F1FF3FD6DC93
:1098B000890100222031009201610099013100915B
:1098C0000099B1F1706F23D8016989061DD50099FF
:1098D000013100910099B1F1706F19D801698906C1
:1098E00013D50099013100910099B1F1706F0FD833
:1098F0000169890609D50099013100910099B1F1FA
:10990000706F05D801698906D7D4002001B070476F
:10991000032001B070470000D0F8080480B27047FF
:1099200081B000210091D0F8400400900098C0F36D
:10993000414001B070470000406900F001007047ED
:1099400010B581B00022009200EB4113D3F800451E
:10995000D3F800E5D3F80415826803F5A06C9206ED
:109960000AD5002908D4BEF1FF3F02DC14F480219F
:1099700004D0002001B010BD61034BD4DCF800100E
:1099800041F08041CCF800108168890600F1908098
:10999000C16ADCF8000011F47F0F40F08B8020F0EA
:1099A0000040CCF80000DCF8000040F00040CCF8AB
:1099B00000000098013000900098B0F57A7FD8D868
:1099C000DCF80000B0F1FF3FD3DC009801300090DC
:1099D0000098B0F57A7FCCD8DCF80000B0F1FF3FFA
:1099E000C7DC0098013000900098B0F57A7FC0D8AD
:1099F000DCF80000B0F1FF3FBBDC009801300090C4
:109A00000098B0F57A7FB4D8DCF80000B0F1FF3FE1
:109A1000CFDDAEE7DCF8001041F08041CCF800105B
:109A2000D0F81014DCF8000011F47F0F42D120F0C0
:109A30000040CCF80000DCF8000040F00040CCF81A
:109A400000000098013000900098B0F57A7F90D81F
:109A5000DCF80000B0F1FF3F3FF78BAF009801301A
:109A600000900098B0F57A7F3FF683AFDCF80000F5
:109A7000B0F1FF3F3FF77DAF0098013000900098B4
:109A8000B0F57A7F3FF675AFDCF80000B0F1FF3F2C
:109A90003FF76FAF0098013000900098B0F57A7FE3
:109AA0003FF667AFDCF80000B0F1FF3FC9DD60E7CB
:109AB000DCF8000040F00040CCF80000002001B0CD
:109AC00010BD00002DE9F04381B0DDE908840A9E55
:109AD00000EB411707F5A06E4FF0FF35032C4FF058
:109AE0000109C7F8085500F27D80DFE804F0031390
:109AF000031F00BF40F29D4C754657B2002F45F83A
:109B00000CCF1CD40027C4F20407B8421DD14FF07B
:109B1000600C16E040F2252C754657B2B7F1FF3FB6
:109B200045F80CCF11DC4FF4C07C0AE040F29D6C8C
:109B3000754657B2B7F1FF3F45F80CCF05DC4FF43F
:109B4000807C2F6847EA0C072F604FF0000C00253F
:109B5000CEF80450DEF80C7001F00F0147F0020758
:109B6000CEF80C70D0F8187409FA01F13943C0F836
:109B70001814816903F07F0341F000718161009541
:109B8000D0F8400402F0800100900098090200F42F
:109B9000C02062F3CE2104F0030541EA8351B0F501
:109BA000802F4FF480106FF3DF2641EA854118BF04
:109BB0004FF4901031444FF48012B8F1020F18BFE7
:109BC0001046084404F0FD010129CEF8000005D13B
:109BD000DEF8000040F00050CEF80000604601B012
:109BE000BDE8F0834FF0010CB1E70000D0F8140499
:109BF00080B27047F0B581B00023C4F2040391F83D
:109C000001C0984222D091F806E0BEF1010F07D1C1
:109C1000CE78002E46D08C8A0125CC6175E000BF3D
:109C20000C6A002C4ED08B8AE518013DB5FBF3F58C
:109C3000ABB2B3F5807F88BF4FF48075CE78002E2D
:109C400044D08B8AACB25C43CC615EE0012A11D176
:109C50008B7C43F00203022BD5D18B79002BD2D120
:109C600000EB4C13D3F80C6526F07006C3F80C65B6
:109C7000C9E700BF0E79002EC5D14E79012EC2D1A1
:109C8000002103EB4C10C8F20801C0F81015D0F801
:109C90000015022262F39F71C0F80015002001B088
:109CA000F0BD00BF8B7C012B12D10C6ABD2C1FD3E1
:109CB000CB688C8A013B012BCC610C6222D8022339
:109CC0001DE000BF0125CE78002EBAD1CC611BE08B
:109CD0000C6A012A08D18B8A9C4205D9CB610125E7
:109CE00000261C4611E000BFCC6101250CE000BF3E
:109CF000CB68CC61013B022B34BF03230423CB6030
:109D0000012501E00125CD6000268B7D6FF3DF4446
:109D100065F3DC4403F0030344EA437300EB4C15A2
:109D2000C5F8103505F5A064002A1CBF8B69636176
:109D3000D0F808342568BEF1010F25F000552560E4
:109D40004FF00055276825EA437343EA0703236071
:109D500016D10B7C4F7CCD7943EAC71303F1004346
:109D60006360E368012D43F06003E36008BF002EE9
:109D700036D08B7C43F00207032F3ED002E000BFB9
:109D8000002363602368002E0093009B23F0804330
:109D9000009355D1009B002A23F400430093009BBD
:109DA00043F000430093009B23607FF477AF0A6A7F
:109DB000002A3FF473AFCB79002B7FF46FAF8B7C1D
:109DC000032B58D8DFE803F0024A024AC76AD31CC3
:109DD000C3F38F03BFB2BB424DD9202348E000BF7D
:109DE000636843F480336360E36843F04003E360F7
:109DF0008B7C43F00207032FC4D1012D08BF012E35
:109E000014D0012BBED1AEB9CB68013B042B05D2D7
:109E100032A757F8233067683B4363602368009399
:109E2000009B23F080430093B4E700BF606840F4D8
:109E30008030606020680090009820F080400090A2
:109E4000009840F400400090009840F000400090DE
:109E500000982060002001B0F0BD00BFD0F8107461
:109E6000D31CC3F38F03BFB2BB4204D94FF080634E
:109E700087693B43836192B2002A3FF40FAFD61C3F
:109E80004FF0FF33896903EB960300F580504FEAEA
:109E90000C32032BC6F381030ED3B70827F003055A
:109EA0000F68043D17504F6817508F681750CF68E0
:109EB00001F110011750F3D1002B3FF4EFAE0F6802
:109EC000012B87503FF4EAAE4F68022B87501CBF2E
:109ED00089688150002001B0F0BD00BF0080000003
:109EE0000E0000000040000000C0000070B582B00D
:109EF00086460020CEF8000EDEF8380040F4001050
:109F0000CEF83800DEF8380020F40020CEF8380013
:109F1000DEF8380020F48020CEF83800DEF80C009F
:109F2000400609D401F07F42DEF80004B2F1807FE0
:109F300004D140F0040003E0DEF8000420F0040047
:109F4000CEF800040B0A0020009000980130009029
:109F50000098B0F1706F59D8DEF81000002821D4B5
:109F60000098013000900098B0F1706F4ED8DEF884
:109F70001000002816D40098013000900098B0F12D
:109F8000706F43D8DEF8100000280BD40098013021
:109F900000900098B0F1706F38D8DEF81000B0F182
:109FA000FF3FD2DC002000904FF48460CEF8100018
:109FB0000098013000900098B0F1706F26D8DEF85C
:109FC0001000800620D50098013000900098B0F174
:109FD000706F1BD8DEF81000800615D50098013090
:109FE00000900098B0F1706F10D8DEF81000800675
:109FF0000AD50098013000900098B0F1706F05D834
:10A00000DEF810008006D3D4002000E001200022FA
:10A010000192019A01320192019AB2F1706F57D800
:10A02000DEF81020002A21D4019A01320192019A0F
:10A03000B2F1706F4CD8DEF81020002A16D4019AC5
:10A0400001320192019AB2F1706F41D8DEF810200E
:10A05000002A0BD4019A01320192019AB2F1706F79
:10A0600036D8DEF81020B2F1FF3FD2DC0022019298
:10A070001022CEF81020019A01320192019AB2F119
:10A08000706F25D8DEF81020D20626D5019A01324D
:10A090000192019AB2F1706F1AD8DEF81020D20640
:10A0A0001BD5019A01320192019AB2F1706F13D857
:10A0B000DEF81020D20610D5019A01320192019AE1
:10A0C000B2F1706F04D8DEF81020D206D3D404E0C9
:10A0D0000120DCB21CB93BE00120DCB2C4B303F0C8
:10A0E000030C0023042C4FF0000218D3A4EB0C0443
:10A0F0000EF5AC654FF0FF36043245F8586C45F864
:10A10000543C45F8386C45F8343C45F8186C45F833
:10A11000143CAE60EB60944205F18005ECD1BCF1DB
:10A12000000F15D00EF5A06303EB42124FF0FF3481
:10A130000023BCF1010F9460D36009D0BCF1020F81
:10A140009462D36204D04FF0FF3393640023D3644E
:10A150000022C4F204020023CEF818304FF0FF337F
:10A160009645CEF814301FD08022CEF824208022CD
:10A17000C0F26002CEF82820E022C0F24002CEF801
:10A18000002111F47F0F05D1DEF8181041F0100105
:10A19000CEF81810DEF818100822CAF22032114347
:10A1A000CEF8181002B070BD4FF40073536240F245
:10A1B0000023C0F20013936240F20033C0F2E003C8
:10A1C000C2F8003111F47F0FE4D1DDE7D0F80024AC
:10A1D00001F0030322F00302C0F80024D0F80024A9
:10A1E000012942EA0302C0F8002409D002291CBF59
:10A1F0000120704741F27071C0F8041400207047CC
:10A200004BF68031C0F804140020704700EB411079
:10A21000D0F80815D0F80C050840704741698069EE
:10A220000840704710B5930802F0030E2CD05A1E58
:10A23000032A03F0030C0FD323F003034FF48052DF
:10A240008458043B0C6084584C6084588C6084585B
:10A25000CC6001F11001F3D1BCF1000F14D04FF428
:10A26000805284580B46BCF1010F43F8044B05D1D2
:10A270001946BEF1000F0AD11EE000BF8258BCF1A2
:10A28000020F4A601AD10831BEF1000F14D04FF40A
:10A29000805280580A46BEF1010F02F8010B04BF3C
:10A2A000104610BD020ABEF1020F4A7004BF881C9E
:10A2B00010BD000C88700331084610BD4FF4805269
:10A2C00082588A600C31BEF1000FE0D1F4E7000043
:10A2D00010B582B0044600200190D4F840040190EB
:10A2E000019820F02E000190019840F48070C4F88D
:10A2F00040046420F7F75CFD019820F48070C4F8F6
:10A3000040040A20F7F754FD002002B010BD000001
:10A31000B0B50446C068002920F0C040E06000F0FD
:10A320009980012940F0B080E0680A2540F0005093
:10A33000E0600A20F7F73CFD54F8140FC00740F026
:10A340009C800A20F7F734FD2068C00740F09E800B
:10A350000A20F7F72DFD2068C00740F0A5800A20ED
:10A36000F7F726FD2068C00740F0AC800A20F7F719
:10A370001FFD2068C00740F0B3800A20F7F718FDE2
:10A380002068C00740F0BA800A20F7F711FD206866
:10A39000C00740F0C1800A20F7F70AFD2068C00717
:10A3A00040F0C8800A20F7F703FD2068C00740F09E
:10A3B000CF800A20F7F7FCFC2068C00740F0D68069
:10A3C0000A20F7F7F5FC2068C00740F0DD800A207E
:10A3D000F7F7EEFC2068C00740F0E4800A20F7F7AA
:10A3E000E7FC2068C00740F0EB800A20F7F7E0FCAC
:10A3F0002068C00740F0F2800A20F7F7D9FC2068F7
:10A40000C00740F0F9800A20F7F7D2FC2068C007A7
:10A4100040F000810A20F7F7CBFC2068C00740F02D
:10A4200007810A20F7F7C4FC2068C00740F00E81BE
:10A430000A20F7F7BDFC2068C00740F016810A200B
:10A44000F7F7B6FC2068C825A5F1C800B0FA80F07F
:10A450004009B0BDE0680A2540F08040E0600A2075
:10A46000F7F7A6FC54F8140FC00706D00A20F7F738
:10A470009FFC2068C00711D11425A5F1C800B0FACF
:10A4800080F04009B0BD00BF0120B0BD1425A5F18A
:10A49000C800B0FA80F04009B0BD00BF0A20F7F74D
:10A4A00087FC2068C00707D11E25A5F1C800B0FAB7
:10A4B00080F04009B0BD00BF0A20F7F779FC2068A2
:10A4C000C00707D12825A5F1C800B0FA80F04009DF
:10A4D000B0BD00BF0A20F7F76BFC2068C00707D1AA
:10A4E0003225A5F1C800B0FA80F04009B0BD00BF28
:10A4F0000A20F7F75DFC2068C00707D13C25A5F1CD
:10A50000C800B0FA80F04009B0BD00BF0A20F7F7DC
:10A510004FFC2068C00707D14625A5F1C800B0FA56
:10A5200080F04009B0BD00BF0A20F7F741FC206869
:10A53000C00707D15025A5F1C800B0FA80F0400946
:10A54000B0BD00BF0A20F7F733FC2068C00707D171
:10A550005A25A5F1C800B0FA80F04009B0BD00BF8F
:10A560000A20F7F725FC2068C00707D16425A5F16C
:10A57000C800B0FA80F04009B0BD00BF0A20F7F76C
:10A5800017FC2068C00707D16E25A5F1C800B0FAF6
:10A5900080F04009B0BD00BF0A20F7F709FC206831
:10A5A000C00707D17825A5F1C800B0FA80F04009AE
:10A5B000B0BD00BF0A20F7F7FBFB2068C00707D13A
:10A5C0008225A5F1C800B0FA80F04009B0BD00BFF7
:10A5D0000A20F7F7EDFB2068C00707D18C25A5F10D
:10A5E000C800B0FA80F04009B0BD00BF0A20F7F7FC
:10A5F000DFFB2068C00707D19625A5F1C800B0FA97
:10A6000080F04009B0BD00BF0A20F7F7D1FB2068F9
:10A61000C00707D1A025A5F1C800B0FA80F0400915
:10A62000B0BD00BF0A20F7F7C3FB2068C00707D101
:10A63000AA25A5F1C800B0FA80F04009B0BD00BF5E
:10A640000A20F7F7B5FB2068C00707D1B425A5F1AC
:10A65000C800B0FA80F04009B0BD00BF0A20F7F78B
:10A66000A7FB2068C0077FF4EAAEBE25A5F1C800AD
:10A67000B0FA80F04009B0BD83B0014600200090E0
:10A680008A6822F001028A600190019801300190ED
:10A690000198B0F1706F51D8086900281ED4019854
:10A6A000013001900198B0F1706F47D80869002817
:10A6B00014D40198013001900198B0F1706F3DD829
:10A6C000086900280AD40198013001900198B0F17E
:10A6D000706F33D80869B0F1FF3FD6DC00200190DD
:10A6E0004FF4846008610198013001900198B0F145
:10A6F000706F23D8086980061DD50198013001903C
:10A700000198B0F1706F19D80869800613D50198C7
:10A71000013001900198B0F1706F0FD80869800680
:10A7200009D50198013001900198B0F1706F05D8FA
:10A7300008698006D7D4002001E000BF0120002274
:10A740000292029A01320292029AB2F1706F4FD8CD
:10A750000A69002A1ED4029A01320292029AB2F1C8
:10A76000706F45D80A69002A14D4029A0132029205
:10A77000029AB2F1706F3BD80A69002A0AD4029A91
:10A7800001320292029AB2F1706F31D80A69B2F1C5
:10A79000FF3FD6DC0022029210220A61029A0132A7
:10A7A0000292029AB2F1706F22D80A69D20620D5BD
:10A7B000029A01320292029AB2F1706F18D80A69B5
:10A7C000D20616D5029A01320292029AB2F1706F45
:10A7D0000ED80A69D2060CD5029A01320292029A68
:10A7E000B2F1706F04D80A69D206D7D401E000BF75
:10A7F0000120D1F8003547F6FF72C3F6FF7213400F
:10A8000003F18043C1F80035D1F82035134003F13E
:10A810008043C1F82035D1F84035134003F180431F
:10A82000C1F84035D1F86035134003F18043C1F8D9
:10A830006035D1F88035134003F18043C1F880358D
:10A84000D1F8A035134003F18043C1F8A035D1F809
:10A85000C035134003F18043C1F8C035D1F8E0356D
:10A86000134003F18043C1F8E035D1F800361340BE
:10A8700003F18043C1F80036D1F82036134003F1CC
:10A880008043C1F82036D1F84036134003F18043AD
:10A89000C1F84036D1F86036134003F18043C1F867
:10A8A0006036D1F88036134003F18043C1F880361A
:10A8B000D1F8A036134003F18043C1F8A036D1F897
:10A8C000C036134003F18043C1F8C036D1F8E036FA
:10A8D000134003F18043C1F8E036D1F8003513404E
:10A8E00003F14043C1F80035009B01330093009B06
:10A8F000B3F57A7F27D8D1F80035B3F1FF3F22DCDA
:10A90000009B01330093009BB3F57A7F1BD8D1F8ED
:10A910000035B3F1FF3F16DC009B01330093009B31
:10A92000B3F57A7F0FD8D1F80035B3F1FF3F0ADCD9
:10A93000009B01330093009BB3F57A7F03D8D1F8D5
:10A940000035002BD0D4D1F82035134003F140431B
:10A95000C1F82035009B01330093009BB3F57A7F4B
:10A9600027D8D1F82035B3F1FF3F22DC009B01331B
:10A970000093009BB3F57A7F1BD8D1F82035B3F153
:10A98000FF3F16DC009B01330093009BB3F57A7FF9
:10A990000FD8D1F82035B3F1FF3F0ADC009B01331B
:10A9A0000093009BB3F57A7F03D8D1F82035002BB4
:10A9B000D0D4D1F84035134003F14043C1F84035BD
:10A9C000009B01330093009BB3F57A7F27D8D1F821
:10A9D0004035B3F1FF3F22DC009B01330093009B25
:10A9E000B3F57A7F1BD8D1F84035B3F1FF3F16DCC1
:10A9F000009B01330093009BB3F57A7F0FD8D1F809
:10AA00004035B3F1FF3F0ADC009B01330093009B0C
:10AA1000B3F57A7F03D8D1F84035002BD0D4D1F8E4
:10AA20006035134003F14043C1F86035009B0133AA
:10AA30000093009BB3F57A7F27D8D1F86035B3F146
:10AA4000FF3F22DC009B01330093009BB3F57A7F2C
:10AA50001BD8D1F86035B3F1FF3F16DC009B013302
:10AA60000093009BB3F57A7F0FD8D1F86035B3F12E
:10AA7000FF3F0ADC009B01330093009BB3F57A7F14
:10AA800003D8D1F86035002BD0D4D1F880351340ED
:10AA900003F14043C1F88035009B01330093009BD4
:10AAA000B3F57A7F27D8D1F88035B3F1FF3F22DCA8
:10AAB000009B01330093009BB3F57A7F1BD8D1F83C
:10AAC0008035B3F1FF3F16DC009B01330093009B00
:10AAD000B3F57A7F0FD8D1F88035B3F1FF3F0ADCA8
:10AAE000009B01330093009BB3F57A7F03D8D1F824
:10AAF0008035002BD0D4D1F8A035134003F140436A
:10AB0000C1F8A035009B01330093009BB3F57A7F19
:10AB100027D8D1F8A035B3F1FF3F22DC009B0133E9
:10AB20000093009BB3F57A7F1BD8D1F8A035B3F121
:10AB3000FF3F16DC009B01330093009BB3F57A7F47
:10AB40000FD8D1F8A035B3F1FF3F0ADC009B0133E9
:10AB50000093009BB3F57A7F03D8D1F8A035002B82
:10AB6000D0D4D1F8C035134003F14043C1F8C0350B
:10AB7000009B01330093009BB3F57A7F27D8D1F86F
:10AB8000C035B3F1FF3F22DC009B01330093009BF3
:10AB9000B3F57A7F1BD8D1F8C035B3F1FF3F16DC8F
:10ABA000009B01330093009BB3F57A7F0FD8D1F857
:10ABB000C035B3F1FF3F0ADC009B01330093009BDB
:10ABC000B3F57A7F03D8D1F8C035002BD0D4D1F8B3
:10ABD000E035134003F14043C1F8E035009B0133F9
:10ABE0000093009BB3F57A7F27D8D1F8E035B3F115
:10ABF000FF3F22DC009B01330093009BB3F57A7F7B
:10AC00001BD8D1F8E035B3F1FF3F16DC009B0133D0
:10AC10000093009BB3F57A7F0FD8D1F8E035B3F1FC
:10AC2000FF3F0ADC009B01330093009BB3F57A7F62
:10AC300003D8D1F8E035002BD0D4D1F8003613403A
:10AC400003F14043C1F80036009B01330093009BA1
:10AC5000B3F57A7F27D8D1F80036B3F1FF3F22DC75
:10AC6000009B01330093009BB3F57A7F1BD8D1F88A
:10AC70000036B3F1FF3F16DC009B01330093009BCD
:10AC8000B3F57A7F0FD8D1F80036B3F1FF3F0ADC75
:10AC9000009B01330093009BB3F57A7F03D8D1F872
:10ACA0000036002BD0D4D1F82036134003F14043B6
:10ACB000C1F82036009B01330093009BB3F57A7FE7
:10ACC00027D8D1F82036B3F1FF3F22DC009B0133B7
:10ACD0000093009BB3F57A7F1BD8D1F82036B3F1EF
:10ACE000FF3F16DC009B01330093009BB3F57A7F96
:10ACF0000FD8D1F82036B3F1FF3F0ADC009B0133B7
:10AD00000093009BB3F57A7F03D8D1F82036002B4F
:10AD1000D0D4D1F84036134003F14043C1F8403657
:10AD2000009B01330093009BB3F57A7F27D8D1F8BD
:10AD30004036B3F1FF3F22DC009B01330093009BC0
:10AD4000B3F57A7F1BD8D1F84036B3F1FF3F16DC5C
:10AD5000009B01330093009BB3F57A7F0FD8D1F8A5
:10AD60004036B3F1FF3F0ADC009B01330093009BA8
:10AD7000B3F57A7F03D8D1F84036002BD0D4D1F880
:10AD80006036134003F14043C1F86036009B013345
:10AD90000093009BB3F57A7F27D8D1F86036B3F1E2
:10ADA000FF3F22DC009B01330093009BB3F57A7FC9
:10ADB0001BD8D1F86036B3F1FF3F16DC009B01339E
:10ADC0000093009BB3F57A7F0FD8D1F86036B3F1CA
:10ADD000FF3F0ADC009B01330093009BB3F57A7FB1
:10ADE00003D8D1F86036002BD0D4D1F88036134088
:10ADF00003F14043C1F88036009B01330093009B70
:10AE0000B3F57A7F27D8D1F88036B3F1FF3F22DC43
:10AE1000009B01330093009BB3F57A7F1BD8D1F8D8
:10AE20008036B3F1FF3F16DC009B01330093009B9B
:10AE3000B3F57A7F0FD8D1F88036B3F1FF3F0ADC43
:10AE4000009B01330093009BB3F57A7F03D8D1F8C0
:10AE50008036002BD0D4D1F8A036134003F1404304
:10AE6000C1F8A036009B01330093009BB3F57A7FB5
:10AE700027D8D1F8A036B3F1FF3F22DC009B013385
:10AE80000093009BB3F57A7F1BD8D1F8A036B3F1BD
:10AE9000FF3F16DC009B01330093009BB3F57A7FE4
:10AEA0000FD8D1F8A036B3F1FF3F0ADC009B013385
:10AEB0000093009BB3F57A7F03D8D1F8A036002B1E
:10AEC000D0D4D1F8C036134003F14043C1F8C036A6
:10AED000009B01330093009BB3F57A7F27D8D1F80C
:10AEE000C036B3F1FF3F22DC009B01330093009B8F
:10AEF000B3F57A7F1BD8D1F8C036B3F1FF3F16DC2B
:10AF0000009B01330093009BB3F57A7F0FD8D1F8F3
:10AF1000C036B3F1FF3F0ADC009B01330093009B76
:10AF2000B3F57A7F03D8D1F8C036002BD0D4D1F84E
:10AF3000E0361A4002F14042C1F8E026009A0132A0
:10AF40000092009AB2F57A7F27D8D1F8E026B2F1C4
:10AF5000FF3F22DC009A01320092009AB2F57A7F1C
:10AF60001BD8D1F8E026B2F1FF3F16DC009A01327F
:10AF70000092009AB2F57A7F0FD8D1F8E026B2F1AC
:10AF8000FF3F0ADC009A01320092009AB2F57A7F04
:10AF900003D8D1F8E026002AD0D44FF0FF32C1F810
:10AFA00014244A618A6842F001028A6003B0704743
:10AFB000FEE700009C46009B4800C0B21146624676
:10AFC000FAF77ABC9C46009B4800C0B21146624624
:10AFD000FAF71CBC2DE9F04F83B004464068914657
:10AFE00002688B46217857689846002501260DF1A6
:10AFF0000B0308228DF80B500096B8479DF80B10F4
:10B00000B0F1FF3001F0020118BF012000EA510A3F
:10B01000BAF1010F84F815A01FD160686575026848
:10B02000217857680DF10B0308228DF80B5000961C
:10B03000B847013011D060689DF80B10036801F02B
:10B04000FD0221781F688DF80B204FF0010C0DF1E7
:10B050000B030822CDF800C0B84760682178026869
:10B060000DF10B03576804228DF80B500096B8477A
:10B07000013012D09DF80B00012600F08F016068AE
:10B0800041EA0B12036821781F688DF80B200DF13F
:10B090000B0304220096B84720B14FF0FF3003B0F5
:10B0A000BDE8F08FBBF1060F03D86DA050F82B0060
:10B0B000206160680022036821785F688DF80B20AA
:10B0C00001250DF10B0304220095B8470130E4D0AF
:10B0D0009DF80B0000F0F001606841EA0902036886
:10B0E00021781F688DF80B200DF10B0304220095C9
:10B0F000B8470028D1D10C98A0B16068002203683D
:10B1000021785F688DF80B2001250DF10B030622D5
:10B110000095B847013023D09DF80B10606841F0CE
:10B12000100213E060680022036821785F688DF8E0
:10B130000B2001250DF10B0306220095B8470130C5
:10B140000ED09DF80B10606801F0EF0203682178C3
:10B150001F688DF80B200DF10B0306220095B847F0
:10B1600060680022036821785F688DF80B20012554
:10B170000DF10B0306220095B84701308DD09DF8E4
:10B180000B0000F09F01606841EA481203682178D3
:10B190001F688DF80B200DF10B0306220095B847B0
:10B1A00000287FF47AAF0D98A0B160680022036890
:10B1B00021785F688DF80B2001250DF10B03042227
:10B1C0000095B847013023D09DF80B10606841F01E
:10B1D000800213E060680022036821785F688DF8C0
:10B1E0000B2001250DF10B0304220095B847013017
:10B1F0000ED09DF80B10606801F07F020368217883
:10B200001F688DF80B200DF10B0304220095B84741
:10B21000BAF1000F4FF000001FD00125626865757C
:10B22000136821785F688DF80B000DF10B03104651
:10B2300008220095B84701300ED060689DF80B10C9
:10B24000036841F0020221781F688DF80B200DF190
:10B250000B0308220095B847002003B0BDE8F08F2B
:10B260000000003A0000803A0000003B0000803BF4
:10B270000000003C0000803C0000003D2DE9F04F44
:10B2800083B004464068914602688B46217857682F
:10B290009846002501260DF10B0308228DF80B506E
:10B2A0000096B8479DF80B10B0F1FF3018BF012091
:10B2B00000EA010ABAF1010F84F814A01FD16068F6
:10B2C00025750268217857680DF10B0308228DF867
:10B2D0000B500096B847013011D060689DF80B10F4
:10B2E000036801F0FE0221781F688DF80B204FF0F3
:10B2F000010C0DF10B030822CDF800C0B8476068BF
:10B30000217802680DF10B03576803228DF80B506A
:10B310000096B847013012D09DF80B00012600F0CE
:10B320008F01606841EA0B12036821781F688DF86D
:10B330000B200DF10B0303220096B84720B14FF00C
:10B34000FF3003B0BDE8F08FBBF1030F03D86DA051
:10B3500050F82B00E06060680022036821785F6885
:10B360008DF80B2001250DF10B0303220095B84742
:10B370000130E4D09DF80B0000F0F001606841EA74
:10B380000902036821781F688DF80B200DF10B036B
:10B3900003220095B8470028D1D10C98A0B160686D
:10B3A0000022036821785F688DF80B2001250DF1DC
:10B3B0000B0306220095B847013023D09DF80B10EF
:10B3C000606841F0010213E06068002203682178A0
:10B3D0005F688DF80B2001250DF10B030622009507
:10B3E000B84701300ED09DF80B10606801F0FE02E6
:10B3F000036821781F688DF80B200DF10B030622DE
:10B400000095B84760680022036821785F688DF86E
:10B410000B2001250DF10B0306220095B8470130E2
:10B420008DD09DF80B0000F0F901606841EA4802F8
:10B43000036821781F688DF80B200DF10B0306229D
:10B440000095B84700287FF47AAF0D98A0B16068E6
:10B450000022036821785F688DF80B2001250DF12B
:10B460000B0303220095B847013023D09DF80B1041
:10B47000606841F0800213E0606800220368217870
:10B480005F688DF80B2001250DF10B030322009559
:10B49000B84701300ED09DF80B10606801F07F02B4
:10B4A000036821781F688DF80B200DF10B03032230
:10B4B0000095B847BAF1000F4FF000001FD00125EA
:10B4C00062682575136821785F688DF80B000DF1AF
:10B4D0000B03104608220095B84701300ED0606873
:10B4E0009DF80B10036841F0010221781F688DF868
:10B4F0000B200DF10B0308220095B847002003B084
:10B50000BDE8F08F0000803800000039000080396D
:10B510000000003A2DE9F04784B0044640689246A6
:10B5200003688846B02221781F688DF80A2001251B
:10B530000DF10A0360220095B847B8F1000F43D01F
:10B5400001F00AFF074601F007FFC01B50454FF00E
:10B55000000557D24FF001090DF10B0808E000BFBC
:10B560000A2001F0D5FE01F0F7FEC01B50454DD278
:10B57000606821780268434656684D228DF80B506A
:10B58000CDF80090B0470130EAD09DF80B0080283C
:10B59000E6D160680022036821785F688DF80C208E
:10B5A000012503AB02220095B84701302AD060681C
:10B5B0009DF80C10036841F0400221781F688DF857
:10B5C0000D200DF10D031AE0606800220368217858
:10B5D0005F688DF80E200DF10E0302220095B8472A
:10B5E00001300FD060689DF80E10036841F04002F2
:10B5F00021781F6801250DF10F038DF80F2002221D
:10B600000095B847284604B0BDE8F08700252846D5
:10B6100004B0BDE8F087000006F0CAB948F20401A2
:10B62000411A002011F1030F38BF4FF0FF3070476F
:10B63000FEE700000020704748F20101411A002097
:10B64000032938BF0120704710B301783A291FD170
:10B6500010B543F20031C0F601010446F5F7BCF81D
:10B66000D0B143F20731C0F601012046F5F7B4F836
:10B67000B0B143F2F821C0F601012046F5F7ACF86D
:10B6800001464FF0FF30002908BF48F2030010BD0B
:10B690004FF0FF30704700BF48F2010010BD00BFFF
:10B6A00048F2020010BD00004FF0FF30704700006C
:10B6B000B0B5144648F2030290420DD048F202029F
:10B6C000904213D184B14D1E15F8010F04F042FBD6
:10B6D000013CF9D108E000BF34B14D1E15F8010F4F
:10B6E00004F02CFB013CF9D10020B0BD4FF0FF303D
:10B6F000B0BD000004F03ABB01F0A0FC03F078FDFF
:10B7000003F0A2FF00F096FE00F056FB00F072FA84
:10B710004CF61825C2F201054BF631242868C0F614
:10B720000004214600F0D4F96868214600F0D0F901
:10B730004CF22020C2F2010000681E2102F0F6F84F
:10B740004CF22820C2F2010000681E2102F0EEF83F
:10B750004CF21C20C2F2010000681E2102F0E6F843
:10B760004CF22C20C2F201000068322102F0DEF817
:10B7700002F064F94DF27064C2F201042046F7F75A
:10B7800079FA0A2001F0C4FDF8E7000070B52DED4C
:10B79000028B84B04CF29446C2F20106B088B0B37A
:10B7A00040F6FF71884232D000EE100A9FED561A23
:10B7B000B8EE400A81EE000AF0889FED552A01EEAE
:10B7C000100AB8EE411A9FED543A20EE010AB2EE8B
:10B7D000061A20EE010A9FED4D1AB4EE410AF1EE71
:10B7E00010FAC8BFB0EE420A96ED001A9FED492A42
:10B7F00021EE033A20EE022A33EE022AB5EE401A79
:10B80000F1EE10FA08BFB0EE402A86ED002A4CF6A1
:10B810003C70311DC2F201000222F5F7A7FFB068AB
:10B82000411C1428B1603FDB96ED000AB6EE008A99
:10B83000002030EE080AB0600420BDEEC00A8DF88A
:10B840000D0010EE100AADF80E004EF26840C2F284
:10B8500001000DF10D020021032302F00BFD96ED16
:10B86000000A4CF2A44030EE080A0DF10504BDEECA
:10B87000C00AC2F20100651C80ED000A10EE102A19
:10B8800026A12846F4F7C8FD2846F4F7EFFE4CF24F
:10B890003C21C2F2010109688DF8050008462146E5
:10B8A0000022002301F024FE96ED000A9FED1D1AF0
:10B8B0000020B4EE410A9FED1C1AF1EE10FAC8BF49
:10B8C000012010F00100B4EE410AF16818BF481CD5
:10B8D000F1EE10FA4FF00004A8BF2046C928F0602E
:10B8E0000EDB4CF2F030C2F201000068052540F298
:10B8F0006C714FF44872C823009500F0F1F9F460C0
:10B9000004B0BDEC028B70BD0040974400409C46E3
:10B9100000000000CDCC4C3D3333733F56256456B8
:10B9200000000000002099450000164670B54CF25A
:10B930002C45C2F201052E680C460F29304606D868
:10B940004EF27010C2F20100F9F70CF9286880F08D
:10B950000100286005EB0010011D4EF27010C2F2CC
:10B9600001001022F9F70CF8002C08BF70BD05EBA0
:10B9700006104CF23826051DC2F201063068294631
:10B980000022002301F0B4FD013C05F10105F5D1D1
:10B9900070BD00004CF21420C2F20100006801F0FA
:10B9A00003BF000082B04EF27019C2F201094BF6DB
:10B9B0002D11C0F600014846F9F7A2FE4CF22C40CA
:10B9C000C2F201000168102200EB0110011D48467F
:10B9D000F8F7D6FF6D464CF214274CF23C244BF698
:10B9E00095186E1CC2F20107C2F20104C0F60008ED
:10B9F00038684FF0FF3101F045FE206829460022EB
:10BA00004FF0FF3301F0E2FC0028F1D1484601215C
:10BA10004246F9F731FE9DF8002048463146072A94
:10BA200028BF0722F9F790FEE2E700007047000008
:10BA300010B582B000680C468DF806004EF26840E2
:10BA40008DF80710C2F201000DF106020621022353
:10BA500002F010FC202C0CD14CF2F030C2F20100AC
:10BA6000006801244FF4FA6132223223009400F07E
:10BA700037F902B010BD00000021C0E90111C0E992
:10BA8000031141614BF62D214FF4C8724FF4FA6354
:10BA90004FF4FA7CC0F600018261C361C0F820C097
:10BAA000416270470068012806D002281CBF0020B0
:10BAB0007047012101E000BF022180B541F2000082
:10BAC000C4F20200F6F758FA80F0010080BD0000D1
:10BAD000002918BF41627047B0B504464069A26AA8
:10BAE0000844606120469047A16888421CBFA0605E
:10BAF000B0BDE2686168824204D14A1E012A01D9C0
:10BB0000B0BD00BF0229E0602ED001291ED000295F
:10BB1000F6D1002852D0626A2046012101259047C3
:10BB2000D4E9050188421BD22069C8B1013002283E
:10BB3000206104D1626A2046402190472069032891
:10BB40000ED1626A2046802109E000BFD0B1606951
:10BB5000E1698842D4D9626A2046022102259047D1
:10BB6000002060616560B0BDE0B16069216A884213
:10BB700098BFB0BD626A20460421904700206061F2
:10BB8000B0BD00BF626A204610219047626A20461D
:10BB9000202190472069012898BF012020610020C2
:10BBA0006060B0BD626A204608219047A06900210C
:10BBB0000130C4E904106160B0BD00BFD4E90501E3
:10BBC00088429DD9206900289AD00020C4E9040049
:10BBD000B0BD000010B54CF61824C2F20104206874
:10BBE0001E21FFF779FF60681E21BDE81040FFF7B6
:10BBF00073BF00002DE9F04381B04CF28408C2F21B
:10BC00000108002041462C2200F0E0FD4CF61825EA
:10BC1000C2F201052860FFF72FFF28684BF6A5291F
:10BC20000121C0F600094FF4967740F2DC544FF43E
:10BC3000C8760160C0F82890C0E90674066200204A
:10BC400041462C2200F0C2FD6860FFF715FF6868CE
:10BC500002210160C0F82890C0E90674066201B0B4
:10BC6000BDE8F08309291BD84DF67C10C2F2010013
:10BC7000006841F21112016A114208D1016A40F2D2
:10BC80004442114203D1016821F00101016000200A
:10BC9000C4F202004FF480710022F6F773B900BFBE
:10BCA00044F62060814238BF084648F2A061C0F2E5
:10BCB0000101B1FBF0F04DF67C11C2F201010A68FE
:10BCC00000235362431ED362CB6080B24AF6AB219D
:10BCD0004843400C5063106840F00100106070470A
:10BCE00080B584B0DDF818C0CDE90123026AADF853
:10BCF00000106946ADF80CC0904704B080BD00004C
:10BD0000032141607047000070B5C26900F10C0565
:10BD10000E4629460446904740B16068022829D063
:10BD200001281BD0C0B9206920B90FE00020606055
:10BD3000206958B1298849B1626A204690476069F4
:10BD400040B10020A060012005E000BF626A2046EB
:10BD5000002190470320606070BD00BFA06821698A
:10BD600030448842A060F7D3626A204600219047A1
:10BD70000220F0E7A068D4E904123044114488425C
:10BD8000A06038BF70BD401A218B626A0129A06093
:10BD9000DDD0A18920469047B4F918100120D1FACE
:10BDA00050F12183D7E700004CF2EC30C2F20100E1
:10BDB00040681E21FFF7A8BFB0B586B00020C4F2CE
:10BDC00002004FF4807100220025F6F7DBF82448CA
:10BDD0000DF1040C009022A0041D1ECC40698CE8DB
:10BDE0001E0005906A460520102101F037FB4CF239
:10BDF000EC34C2F201044CF284012060C2F2010171
:10BE00000020282200F0E2FC6060FFF779FF606804
:10BE10004CF261024EF68163C0F60002C0F60003E8
:10BE20000121C0E907234DF67C1201604BF6654104
:10BE3000C2F20102C0F60001126841626FF0010017
:10BE4000556210616FF002001061D06840F001008F
:10BE5000D060D06840F00200D06006B0B0BD00BF36
:10BE60007C38010800000000000000000000000015
:10BE7000000000000000000051B1B0B543F2B03244
:10BE800001F0030C0429C0F6010205D200211CE0D8
:10BE90000021C8B2704700BF21F0030E002100232B
:10BEA00010F8044BC9B2614010F8035C515C10F803
:10BEB000024C6940515C10F8015C6140515C0433F4
:10BEC0006940515C9CB27445EAD1BCF1000F10D0BE
:10BED0000378BCF1010F81EA0301515C09D043787A
:10BEE000BCF1020F81EA0301515C02D08078484026
:10BEF000115CBDE8B040C8B27047000010B52DED30
:10BF0000068B044640F60040C4F202000821B0EE61
:10BF1000408AF6F731F89FED219AB0EE49AA08BBA6
:10BF200094ED060A04F12000F0EE480A02F03AFA15
:10BF300094ED070A94ED0E1AB8EEC00A9FED182A88
:10BF400031EE00AA9FED170AB4EE42AAF1EE10FA04
:10BF5000C8BFB0EE42AAB4EE40AAF1EE10FAB8BFE4
:10BF6000B0EE40AA9FED100AB0EECA1AB4EE401A25
:10BF7000B0EE4A0A626CF1EE10FAB8BFB0EE490AB0
:10BF8000BDEEC00A10EE101A20469047BDEECA0A58
:10BF900084ED070ABDEC068B10BD00BF0000000059
:10BFA00000007A4400007AC400007A439FED0B0A37
:10BFB00001460020C1E90000C1E90200C1E9040016
:10BFC000C1E9060042F20F7201F12000F0EE400AD2
:10BFD000B0EE401ACA6302F0DBB900BF00000000F7
:10BFE00070B5D0F808C001690568ACFB01E612EB3A
:10BFF0000E02A2EB050501EE105AB8EEC11A81EE51
:10C00000000A90ED051A9FED0F2A9FED0F3A21EEE1
:10C01000021A90ED0F2A4FEAE174C5680CFB046622
:10C0200005FB01615941C0E9002120EE030A30EE11
:10C03000010AB8EEC21A80EE011A80ED050A80ED01
:10C04000061A70BDCDCCCC3D6666663F4CF2E4303E
:10C05000C2F2010000680022002301F0B7B900001D
:10C060004CF2EC30C2F2010000680022002301F023
:10C07000ADB9000080B500BF012001F049F9FBE730
:10C080008AB04CF26C04C2F20104204601214FF444
:10C09000FA720125FFF73EFAE0B1002160688DF8E1
:10C0A000081002682178576802AB00220095B84753
:10C0B00001300FD09DF8080005280BD18021606861
:10C0C0008DF80810026821781768012602AB092252
:10C0D0000096B847322001F01BF94CF26C04C2F212
:10C0E0000104204601214FF4FA720125FFF712FAEC
:10C0F000E0B1002160688DF8081002682178576867
:10C1000002AB00220095B84701300FD09DF808001F
:10C1100005280BD1802160688DF80810026821780D
:10C120001768012602AB09220096B847322001F0B9
:10C13000EFF82046012106220023CDE90055002614
:10C14000FFF79CF820460221062203230095019563
:10C15000FEF740FF606865758DF808600268217819
:10C16000576802AB08220095B84701300ED09DF801
:10C170000800012540F0020160688DF8081002688F
:10C180002178176802AB08220095B847012560683E
:10C1900025758DF8086002682178576802AB08227F
:10C1A0000095B84701300DD09DF8080002AB40F073
:10C1B000010160688DF8081002682178176808226C
:10C1C0000095B847002660688DF8086002682178FD
:10C1D000576802AB02220095B84701300ED09DF897
:10C1E0000800012540F0100160688DF80810026811
:10C1F0002178176802AB02220095B84760688DF875
:10C200000860026821785768012502AB0822009572
:10C21000B84701300DD09DF8080002AB00F0DF01F7
:10C2200060688DF808100268217817680822009568
:10C23000B8474CF2FC174EF27038C2F201074FF0CB
:10C2400000094FF0060A08AE0DF1080BC2F2010812
:10C250000FE000BF3868012501F0F0F94EF26840A8
:10C26000C2F2010007215A46182302F003F888F8A9
:10C2700000504DF27060C2F20100F6F7FBFC4CF288
:10C280000820C2F2010000684FF0FF3101F0FAF916
:10C2900038684FF0FF3101F073F96068ADF8249011
:10C2A000CDF8209002682178556835223346CDF8C4
:10C2B00000A0A84701301FD0BDF9200094ED031A5B
:10C2C00000EE100ABDF92210B8EEC00A21EE000AF5
:10C2D0008DED020A00EE101ABDF92420B8EEC00A56
:10C2E00021EE000A8DED030A00EE102AB8EEC00A16
:10C2F00021EE000A8DED040A6068ADF82490CDF8B7
:10C3000020900268217855683B223346CDF800A082
:10C31000A84701309ED0BDF9200094ED041A00EE2C
:10C32000100ABDF92210B8EEC00A21EE000A8DED08
:10C33000050A00EE101ABDF92420B8EEC00A21EE5D
:10C34000000A8DED060A00EE102AB8EEC00A21EEB2
:10C35000000A8DED070A7DE780B584B0CDE90112B2
:10C36000C26901A9ADF80C30904704B080BD00004F
:10C37000032141607047000041F2000081F001029A
:10C38000C4F202004FF48061F5F7FCBDB0B58269DC
:10C390000D4600F10C010446904748B16068022840
:10C3A00020D0012812D088BBE068226A28B928E092
:10C3B00000206060E068226A18B32046012190479F
:10C3C000206908B30020A06001251EE0D4E9020125
:10C3D00028448842A06019D3226A20460021904751
:10C3E000022512E004F1080207CA114428448842D9
:10C3F000A06038BFB0BD401AA18A226A0129A0609E
:10C4000006D120460021904703256560B0BD00BFDE
:10C410002046012101259047B4F91400D0FA55F0C7
:10C42000A082F2E74CF2E430C2F2010040681E2123
:10C43000FFF7ACBF10B586B01A480DF1040E00909E
:10C4400018A000F1040C9CE80E1040698EE80E1054
:10C4500005906A4605200C2101F000F84CF2E43406
:10C46000C2F201044CF284012060C2F201010020FA
:10C47000242200F0ABF96060FFF77AFF60680121C9
:10C4800001604CF279314CF24D024EF66D63C0F60C
:10C490000001C0F60002C0F60003C0E906230162F5
:10C4A00006B010BD6C38010800000000000000005C
:10C4B0000000000000000000000000004CF2943179
:10C4C000C2F2010100220A704A68104448607047B5
:10C4D00080B588B04CF23420C2F20100052100681A
:10C4E0000091694600220A2301F002F808B080BDDD
:10C4F0002DE9F0414EF2D035C2F20105002818BFF7
:10C50000054609B1A86818B10020BDE8F08100BF58
:10C51000D1E90002002A08BF00282DD04FF0000802
:10C520000023002633448342EED801EBC804D4E94B
:10C530000263002B08BF002E22D01044B042E3D883
:10C54000D4E90420002808BF002A1DD033449342B8
:10C55000DAD8D4E90663002B08BF002E18D01044A7
:10C56000B042D1D8D4E9080208F10408002AD9D190
:10C570000028D7D10EE000BF4FF000080AE000BF4E
:10C5800008F1010806E000BF08F1020802E000BF60
:10C5900008F10308B8F1000FB6D005F114042046E5
:10C5A0000E4600F04FF90028AED1204600F02CF9DD
:10C5B0000028A9D0B8F1010F22D130465FEAC87136
:10C5C00000F0938041681029C0F08F80026821F04C
:10C5D000070312F0070118BFC1F10801581A10280B
:10C5E000C0F08380AF681144002F6DD01A4400233F
:10C5F00042F8083DAA6053600A6039606DE000BFF0
:10C6000028F001014FF0000C304615E02244C5E946
:10C61000006C42F808CDAA60C2F804C03260A3F1F1
:10C6200008027260D5E903371A447B1CC5E903236D
:10C63000023900F11000C1D04268102A28D30468E2
:10C6400022F0070214F0070618BFC6F10806931B74
:10C65000102B1DD3AF68264447B1224442F808CDC1
:10C66000AA60C2F804C032603E6008E02244C5E916
:10C67000006C42F808CDAA60C2F804C03260A3F191
:10C6800008027260D5E903371A447B1CC5E903230D
:10C69000C268102ACCD3846822F0070214F007067F
:10C6A00018BFC6F10806931B102BC1D3AF682644F0
:10C6B000002FABD0224442F808CDAA60C2F804C0D3
:10C6C00032603E60ABE700BF00271A44296042F8A1
:10C6D000087D6F60AA6057600A6008384860D5E935
:10C6E00003120844511CC5E903012869BDE8F08123
:10C6F00070B54EF2D036C2F20106002818BF0646C9
:10C7000006F1140420460D4600F0AAF8A5F108022F
:10C71000002D284618BF104604D055F8041CB1F16E
:10C72000FF3F05DD2046BDE8704000F091B800BF36
:10C7300012684BF6EF63CDF6AD639A42F2D121F069
:10C74000004CF1683346614445F804CCF160002B9D
:10C75000E8D01968814211D20029E3D00B688342E6
:10C7600010D2002BDED01968814207D20029D9D01F
:10C770000B6883421D46EAD305E000BF0D4619460B
:10C7800001E000BF1D464B68CA18824203D103EB8B
:10C790000C00486008466B682BB1D0F804C000EB71
:10C7A0000C02AA420AD02A468142026018BF0860E1
:10C7B0002046BDE8704000F04BB800BFB26895421B
:10C7C000F2D02A6863444360EEE70000F0B581B020
:10C7D00006464EF2D030C2F20100002E08BF0646D7
:10C7E00006F11407384614460D4600F039F8304675
:10C7F0002946224602F092FA0446384600F028F80C
:10C80000204601B0F0BD000010B584B009490446CF
:10C8100008A00091C268D0E901100392CDE901108F
:10C82000684600F0D1FE2060002818BF012004B047
:10C8300010BD00BF5C3801080000000000000000CF
:10C84000000000000068002818BF012070470000A9
:10C8500080B5006800F0F2FEB0FA80F0400980BDBB
:10C8600080B500684FF0FF3100F08AFEB0FA80F02A
:10C87000400980BD30B301684BF6EF62CDF6AD6282
:10C8800091421FD1816944F21012C2F252129142B8
:10C8900018D14168B1B18168A1B182B0D0E9030279
:10C8A000019200900198009A904202BF002002B0CD
:10C8B00070470198009A904206D901980099401A51
:10C8C00002B07047002070470098019A081A10447F
:10C8D00002B0704700284FF0000318BF002901D1B3
:10C8E00018467047002AFBD043610361C3604BF6D2
:10C8F000EF63CDF6AD63C0E9003144F21011C2F22E
:10C90000521101238260816118467047002804BFDC
:10C9100000207047F0B583B007684BF6EF66CDF6A0
:10C92000AD66B74258D1876944F21016C2F252166A
:10C93000B74251D14468002C4ED0002B4FF0000C70
:10C9400018BF002A04D103B0BDE8F040604670472C
:10C950008568002DF7D0D0E90376009702960197FD
:10C96000029F019EB742EED0029F019EB74205D9B9
:10C97000029F019EA7EB060C05E000BF019F029EEF
:10C98000EF1B07EB060C8C4526D9009F0F44009740
:10C99000009FACEB0101AF4202D3009F7F1B0097C9
:10C9A000994238BF0B46BBB100996F1A00999F425C
:10C9B0001AD2064600986D1A2118144610462A46C7
:10C9C0001F46F3F772FEBC46AF42BCD07168ACEBB9
:10C9D0000502601964460BE04FF0000C03B0BDE89F
:10C9E000F0406046704700BF214410461A461C467E
:10C9F000F3F75BFEA44603B0BDE8F0406046704725
:10CA0000002804BF002070472DE9F04383B003687D
:10CA10004BF6EF67CDF6AD67BB4269D1836944F24F
:10CA20001017C2F25217BB4262D14568002D5FD089
:10CA3000002A4FF0000318BF002905D103B0BDE85C
:10CA4000F0431846704700BF8468002CF6D0D0E948
:10CA5000033702970193029F019EB74248D0029F7D
:10CA6000019EB74204D9029F019EBF1B04E000BF94
:10CA7000019F029EE71B3744974238BF3A46BFB337
:10CA80000093804600981646201A90423CBF0098BA
:10CA9000261A009817462A18894608461146324633
:10CAA000F3F703FE00983C463044B742009009D0AB
:10CAB000A51BD8F8041009EB06002A46F3F7F5FD8C
:10CAC0003C4600950099D8F808204046914224BF82
:10CAD0000021009100994369C16013B100212246F1
:10CAE0009847234603B0BDE8F0431846704700BF9F
:10CAF000002303B0BDE8F0431846704710B584B07A
:10CB000020B302684BF6EF63CDF6AD639A4219D1BC
:10CB1000826944F21013C2F252139A4212D142684F
:10CB200082B14FF0000491B1826882B1D0E903C4B0
:10CB30000394CDF808C0039C029B9C420AD10024B8
:10CB400014E000BF0024204604B010BD002420469D
:10CB500004B010BD039B029CA34203D9039B029C1B
:10CB60001C1B03E0029B039CD31A1C44A14238BF48
:10CB70000C460CEB040101910199914202D30199F9
:10CB8000891A019101994369C160002BDFD000210E
:10CB900022469847204604B010BD00002DE9F04120
:10CBA00084B0C8B103684BF6EF67CDF6AD67BB4202
:10CBB00012D1836944F21017C2F25217BB420BD153
:10CBC00045684DB1002A4FF0000418BF002909D173
:10CBD000204604B0BDE8F0810024204604B0BDE842
:10CBE000F08100BFD0F808C0BCF1000FF0D0D0E950
:10CBF000037303930297039F029EB74267460CD0CC
:10CC0000029F039EB74203D9029F039EBF1B04E00D
:10CC1000039F029EACEB07073744013F974238BFA2
:10CC20003A46002FD4D00193804601981446ACEBCD
:10CC3000000090423CBF0198ACEB000401981746FD
:10CC4000284422460E46F3F730FD01983B46204427
:10CC5000A742019008D01D1BD8F8040031192A46BC
:10CC6000F3F723FD3B4601950199D8F8082040468B
:10CC7000914224BF002101910199476901613FB1AF
:10CC800001211A461C46B847204604B0BDE8F08191
:10CC90001C46204604B0BDE8F081000084B04EF28E
:10CCA000A034C2F2010400252560F9F7D3FFF9F79B
:10CCB000D1FF4CF28401C2F201010020FFF718FC01
:10CCC000F5F7ECFFFAF71CF943F640000395C4F2C0
:10CCD0000200016841F400110160016801F40011D3
:10CCE000039103990295016841F480110160016884
:10CCF00001F4801102910299019550F8101C41F441
:10CD0000001140F8101C50F8100C00F400100190B5
:10CD10000198F9F7F9F9F9F7B7F8F9F7B3FEF9F768
:10CD200033FBF9F777FCF9F723FDF9F7C1FDF9F7C4
:10CD30001FFEF9F74DFBF9F791FBF9F77FFEF9F7C5
:10CD4000BFFEF9F7DBFEF9F7F9FEF9F7E7FDF9F7B2
:10CD500043FDF9F777FDF9F71BFCF9F781F8F9F7CF
:10CD6000C3FBF9F737F8F9F7F9FA0B200521002290
:10CD7000F6F73CF80B20F6F729F80C2005210022E5
:10CD8000F6F734F80C20F6F721F80E2005210022E2
:10CD9000F6F72CF80E20F6F719F80F2005210022DF
:10CDA000F6F724F80F20F6F711F8102005210022DD
:10CDB000F6F71CF81020F6F709F8112005210022DB
:10CDC000F6F714F81120F6F701F81C2005210022CF
:10CDD000F6F70CF81C20F5F7F9FF1D2005210022BD
:10CDE000F6F704F81D20F5F7F1FF1E2005210022BB
:10CDF000F5F7FCFF1E20F5F7E9FF262005210022AC
:10CE0000F5F7F4FF2620F5F7E1FF272005210022A2
:10CE1000F5F7ECFF2720F5F7D9FF282005210022A0
:10CE2000F5F7E4FF2820F5F7D1FF2B20052100229C
:10CE3000F5F7DCFF2B20F5F7C9FF2C200521002298
:10CE4000F5F7D4FF2C20F5F7C1FF32200521002291
:10CE5000F5F7CCFF3220F5F7B9FF35200521002288
:10CE6000F5F7C4FF3520F5F7B1FF37200521002283
:10CE7000F5F7BCFF3720F5F7A9FF47200521002271
:10CE8000F5F7B4FF4720F5F7A1FF4D20052100225B
:10CE9000F5F7ACFF4D20F5F799FF206810B907A012
:10CEA000F3F7CEFB00F002FEF8F77EFD00F05CFA2F
:10CEB000F9F706F800F06CFAFEE700BF53746172F0
:10CEC000742E2E2E0D0000004DF20070C2F20100F3
:10CED000012903DB00680022C26305E00068B1F1AC
:10CEE000FF3F11DD0021C163016410B54DF20074F4
:10CEF000C2F2010420460821F7F756FC20460C2117
:10CF0000BDE81040F7F750BC002249420264C163FB
:10CF1000EBE700004DF20070C2F20100012903DBD3
:10CF200000680022426305E00068B1F1FF3F11DDB7
:10CF300000214163816310B54DF20074C2F2010417
:10CF400020460021F7F730FC20460421BDE81040C0
:10CF5000F7F72ABC0022494282634163EBE70000F5
:10CF600070B54EF21C05C2F201050C4628460021A0
:10CF70000026F7F7A1FC28460421F7F79DFC012CB9
:10CF800004DB28688663446308E000BF2868B4F1C6
:10CF9000FF3F4663CCBF0021614281634EF21C0417
:10CFA000C2F2010420460021F7F7FEFB20460421CF
:10CFB000BDE87040F7F7F8BBF0B581B04DF2D4751D
:10CFC000C2F201050C46284600210027F7F774FC41
:10CFD0004DF6A806C2F2010630460021F7F76CFCB8
:10CFE000012C03DB2868476306E000BFB4F1FF3F74
:10CFF0001ADD2868002444634DF6A800C2F201003F
:10D000000068002144634DF2D470C2F20100F7F7CA
:10D01000CBFB4DF6A800C2F20100002101B0BDE833
:10D02000F040F7F7C1BB00BF3068002141634DF20B
:10D03000D4706442C2F20100E2E700002DE9F04F33
:10D0400081B04CF28409C2F201090020494648220D
:10D050000025FFF7BBFB4EF2E836C2F20106306056
:10D06000FEF7A4FF3068002446F2666B49F69A1872
:10D070004EF6602140F6787A4FF07F57C4F27C2458
:10D08000C4F2260BC4F219080161C0E90FA7C0E978
:10D090000854C0E90AB8002049464822FFF796FB29
:10D0A0007060FEF783FF70684EF660210161C0E991
:10D0B0000FA7C0E90854C0E90AB800204946482231
:10D0C000FFF784FBB060FEF771FFB0684EF6602199
:10D0D0000161C0E90FA7C0E90854C0E90AB80020FF
:10D0E00049464822FFF772FBF060FEF75FFFF068E9
:10D0F0004EF66022C0E908544DF20074C2F20104F9
:10D1000031680261C0E90FA7C0E90AB84CF6C960EE
:10D110002268C0F600004864556210686FF001078D
:10D1200040F001001060506C40F4004050644DF637
:10D130007460C2F2010001684D620F61CA6842F07A
:10D140000102CA600A6842F001020A603C21F6F757
:10D15000BFFE70684CF615712268C0F6000141648C
:10D160005562106840F001001060506C40F40040BF
:10D1700050644DF6F830C2F2010001684D620F6153
:10D18000CA6842F00102CA600A6842F001020A60FD
:10D190003C21F6F79DFE4EF21C02C2F20102B0687D
:10D1A0004CF661711268C0F6000141645562106866
:10D1B0004DF6A05440F001001060506CC2F2010422
:10D1C00040F400405064206845620761C16841F046
:10D1D0000101C160016841F00101016020463C216C
:10D1E000F6F776FE4DF2D471F068C2F201014CF60A
:10D1F000B9720968C0F6000242644DF6A8004D629B
:10D20000C2F20100006845620A6842F001020A6049
:10D21000026842F0010202604A6C42F400424A6431
:10D22000416C41F4004141644DF6CC40C2F2010032
:10D23000006845620761C16841F00101C160016891
:10D2400041F00101016020463C21F6F741FE4DF618
:10D250004870C2F20100006845620761C16841F090
:10D260000101C160016841F00101016001B0BDE848
:10D27000F08F000003F0D8FA4CF2140A4CF2A445E7
:10D280004EF6C85443F69C09C2F2010AC2F20105E7
:10D29000C2F20104C0F601090AF118062F1D0FF2AF
:10D2A000640806E0206802F033FE4FF4FA7000F0E4
:10D2B0002FF8206802F05CFD2068012102F0ACFE2E
:10D2C0002068002102F0A4FE2068494602F02AFEF0
:10D2D000206800210922534602F0DCFD206800216D
:10D2E0001422334602F0D6FD2A68002ADAD03846E6
:10D2F0004146F3F791F8206800211F223B4602F0D7
:10D30000C9FDCFE74241543A25646D760000000024
:10D31000EFF3058100291CBF6FF00500704700285E
:10D3200004BF0020704780B504F0A6F9002080BD3E
:10D33000EFF3058171B938B1D0E9020130B120298C
:10D3400028BF04F0ADBB05E004F098BB002908BF7E
:10D3500004F094BB00207047EFF30580002808BF5D
:10D3600005F0D2BC05F0D6BCEFF3058000281CBF49
:10D370006FF0050070474CF2EC40C2F2010001680A
:10D38000002911BF4FF0FF300121016000207047DC
:10D39000EFF3058000281CBF6FF0050070474CF2CA
:10D3A000EC40C2F20100016801291CBF4FF0FF30C0
:10D3B000704780B54EF61F51CEF2000100220A7070
:10D3C0000221016004F074FA002080BD10B582B023
:10D3D000B0FA80F4B1FA81F264095209EFF3058CD6
:10D3E000BCF1000F42EA04021CD0002B18BF01233D
:10D3F0001A4318D10022019201AA05F0E1F901288F
:10D4000020D10198D0B14EF60450CEF200004FF07A
:10D4100080510160BFF34F8FBFF36F8F002002B0C8
:10D4200010BD00BF22B16FF0030002B010BD00BFFD
:10D430001A461C4605F0A4F8012807D1002002B0C6
:10D4400010BD00BF6FF0020002B010BD6FF0010010
:10D45000002C08BF6FF0020002B010BDB0B582B062
:10D4600000294FF00004EFF3058318BF002803D113
:10D47000204602B0B0BD00BF002BF9D1D2B1D2E935
:10D4800002352BB3502DF3D3D2F810C0BCF1000FEE
:10D49000EED0556901FB00F4A5424FF00004E7D33C
:10D4A00015466246009404F079FD0028E0D02C680F
:10D4B00005E000BF002204F02FFD0028D8D021464F
:10D4C000054604F043F82C46204602B0B0BD00BF2C
:10D4D000002DCDD11369002BCAD15369002BC7D1C0
:10D4E0001546002204F018FD0028E0D1C0E7000036
:10D4F00010B582B0B0FA80F4B1FA81F26409520931
:10D50000EFF3058CBCF1000F42EA04021CD0002BA3
:10D5100018BF01231A4318D10022019201AA002347
:10D5200004F00AFF012827D1019850B14EF60450AB
:10D53000CEF200004FF080510160BFF34F8FBFF378
:10D540006F8F002002B010BD22B16FF0030002B057
:10D5500010BD00BF1C461A46002304F08DFD014695
:10D560000020012905D06FF00100002C08BF6FF0EA
:10D57000020002B010BD00BF6FF0020002B010BD8B
:10D58000EFF30582002A1CBF6FF0050070470246CA
:10D5900030F0010004BF6FF00300704710B50C4677
:10D5A000D20703D105F076F902E000BF05F0B8FA22
:10D5B000012804BF002010BD6FF00100002C08BF3F
:10D5C0006FF0020010BD0000B0B5EFF3058109B1A6
:10D5D0000020B0BD90B142681107F9D4D0E9021320
:10D5E00041B1502BF4D30446D0071BD1012004F0E5
:10D5F00041FC07E0002BEBD1D10719D104460120F3
:10D6000004F000FC00250028E2D0002C14BF2168A3
:10D610000021044603F09AFF002D0CBF204644F081
:10D620000100B0BD042004F025FC0125EBE700BF9C
:10D630000446042004F0E6FB0125E4E7EFF305814E
:10D6400000291CBF6FF005007047014630F0010053
:10D6500004BF6FF00300704780B5C9070AD10021ED
:10D660000022002304F008FD013818BF6FF002000B
:10D6700080BD00BF04F062FF013818BF6FF00200E8
:10D6800080BD000010B582B018B1EFF305822AB159
:10D6900091B16FF0030002B010BD00BF0C4605F061
:10D6A000F9F801281CD06FF00100002C08BF6FF0C2
:10D6B000020002B010BD00BF002101AA019105F0D7
:10D6C0007FF8012810D1019850B14EF60450CEF2E7
:10D6D00000004FF080510160BFF34F8FBFF36F8F99
:10D6E000002002B010BD00BF6FF0020002B010BDFC
:10D6F000B0B582B081424FF00004EFF3058518D831
:10D70000B8B1B5B9C2B1D2E902538DB14F2B10D91E
:10D7100093681546012835D10C464FF0030C0120C3
:10D7200000210022CDF800C004F038FC0DE000BF5D
:10D7300013B1204602B0B0BD1546012814D10C46E5
:10D7400001200021032204F0E7FB002C18BF002871
:10D750000CD0002100220023044604F08DFC012897
:10D760001AD1204603E000BF04F09EFA78B1002DE4
:10D7700014BF29680021044603F0E8FE204602B0E9
:10D78000B0BD00BF1A4604F0DBFA0028EFD1002438
:10D79000204602B0B0BD00BF204603F003FF0024C6
:10D7A000204602B0B0BD0000002804BF6FF00300A7
:10D7B000704780B582B0EFF30581B9B100210191C6
:10D7C00001A904F05DFE01281CD1019850B14EF66C
:10D7D0000450CEF200004FF080510160BFF34F8F34
:10D7E000BFF36F8F002002B080BD00BF0021002278
:10D7F000002304F041FC013818BF6FF0020002B0B2
:10D8000080BD00BF6FF0020002B080BDF0B585B0F2
:10D810008C4600230493EFF30581B0B3A9BB2AB370
:10D820009469002C08BF1824382C2ED81179C90708
:10D830002BD15669D2E902574FEA960E1168002E95
:10D84000734608BF80231DB35C2F25D312690023C4
:10D85000002A18BF002E18D0CDE900427246634658
:10D86000029505F0FFF905B0F0BD00BF8023182434
:10D87000002104AF9AB26346CDE9004705F0C2F932
:10D8800000230499012808BF0B46184605B0F0BDD7
:10D8900017B91269002AECD00023184605B0F0BD74
:10D8A0002DE9F04182B00D46044600284FF00000FB
:10D8B000EFF305811FD0F1B908201E46174601F08D
:10D8C000E9FA70B3002D804618BF0125C8E900476A
:10D8D000A6B1D6E902713068F7B12C291ED347F200
:10D8E000A136C0F6000601212A464346CDE900676D
:10D8F00005F004FC90B102B0BDE8F081002047F2D1
:10D90000A137C0F6000701212A464346009705F0DB
:10D91000D7FB0028EFD101E00029F0D0404603F00A
:10D920005BFD002002B0BDE8F08100000A46EFF385
:10D93000058100291CBF6FF005007047002804BF57
:10D940006FF00300704780B582B04FF0000C0421E7
:10D950000023CDF800C005F055FC013818BF6FF06A
:10D96000020002B080BD000080B582B04CF2F03100
:10D97000C2F20101D1F800C08188C2880389B0F8E1
:10D980000AE06046CDF800E0FEF7AAF902B080BDDB
:10D99000B0B54EF2BC55C2F201052B684EF268409C
:10D9A000C2F201000C46CA1AD0F83C11D0F8480166
:10D9B0001944FFF7F3F84CF20420C2F201000068AA
:10D9C000FF2C88BF00242C60BDE8B040FFF7ECBE00
:10D9D000B0B54EF26845C2F20105D5F850110020ED
:10D9E00005F5A874FEF784FE4CF23020C2F2010067
:10D9F0000068214600220023FFF7E8FC40B14CF20A
:10DA00000020C2F201000068BDE8B040FFF7CCBEC4
:10DA10004EF2F014C2F201044DF6D112C0F600022B
:10DA200020460121F7F728FED5F85011C878421D8D
:10DA30002046BDE8B040F7F787BE000010B54EF2B3
:10DA40006844C2F201044DF61132C0F600022046CD
:10DA5000012100F03FFA4DF66912C0F6000220469F
:10DA6000022100F037FA4DF63932C0F600022046A6
:10DA7000032100F02FFA4DF65172C0F60002204645
:10DA8000052100F027FA4DF68D42C0F6000220462F
:10DA9000042100F01FFA4DF63542C0F60002204680
:10DAA0000A21BDE8104000F015BA0000B0B54EF2F2
:10DAB0006844C2F2010420464FF4AA71F2F764FEF2
:10DAC0004EF2C0504CF28405C2F201004FF4807156
:10DAD000C2F20105C4E94F01002029464FF400625B
:10DAE000FEF774FEC4F84401002029461C22FEF70C
:10DAF0006DFED4F844114FF40062C4F84801FEF7FB
:10DB0000E9FE4FF20160C0F60000C4F84C01B0BD60
:10DB10000179012918BF70474CF2E831C2F20101C6
:10DB2000D1F800C0B0F80510B0F80720B0F80930FF
:10DB30006046FEF711BC00000279032A88BF7047D7
:10DB400080B59FED3B0A811DDFE802F0021205520D
:10DB5000096800EE101A40794EF2E831C2F2010174
:10DB600001EB8000006880ED080ABDE88040704746
:10DB70004279002AF9D04EF2E83C10310323C2F278
:10DB8000010C00BF11F8102C51F80FEC5CF82220AA
:10DB9000C2F820E090F805E09A1E7245E5D211F82F
:10DBA0000B2C51F80AEC5CF82220C2F820E090F827
:10DBB00005E05A1E7245D8D211F8062C51F805EC32
:10DBC0005CF82220C2F820E042799342CDD211F8CD
:10DBD000012CD1F800E05CF822201431C2F820E0DA
:10DBE00090F805E05A1C04337245CBD3BDE700BF63
:10DBF0004179C8074EF2E830C2F2010006D18A0727
:10DC000009D44A070CD40907AFD50EE002680023F7
:10DC100013628A07F5D54268002313624A07F2D5DA
:10DC200082680023136209079FD50C309AE700BF72
:10DC30000000000070B54CF2FC16C2F2010631681B
:10DC4000044608464FF0FF31FFF79AFC207902287E
:10DC50000AD0012815D114F8052F4CF21405611CC7
:10DC6000C2F2010507E000BF14F8052F4CF22C05A5
:10DC7000611CC2F201052846F2F717FD2078002149
:10DC800029543068BDE87040FFF7D8BC70B584B047
:10DC9000044600790138082800F28580DFE800F0AA
:10DCA0000683408324835483660000BFE079002804
:10DCB00079D04EF600160025C2F2010603E000BF3F
:10DCC000013585426FD205EB450121440A7A042AC9
:10DCD000F6D806EB8200B1F8091050F8040C0A4699
:10DCE00001F06EFAE079EBE7607904285BD84EF634
:10DCF0000011C2F2010101EB800151F8041C8DF802
:10DD00000600C96805208DF807004EF26840ADF89E
:10DD10000810C2F201000DF106020421042340E0C4
:10DD2000E07904283FD84EF60011C2F2010101EB60
:10DD3000800050F8040C2189B4F8052004B0BDE837
:10DD4000704001F03DBA00BF607904282BD84EF630
:10DD50000011C2F2010101EB800050F8040C94F9AB
:10DD6000061004B0BDE8704001F020BA60790428C4
:10DD700019D84EF60011C2F2010101EB800151F8F1
:10DD8000041C8DF80600496809208DF807004EF242
:10DD900068408DF80810C2F201000DF1060204215E
:10DDA000032300F067FA04B070BD00002DE9F04FC6
:10DDB00091B00446D0F84801FEF75CFD002800F061
:10DDC0008580024604F1040904F10805A61D04F546
:10DDD000867A4FF0000B07E0D4F84801FEF74AFDC1
:10DDE0000246002800F07280D4F8480101A9402AB8
:10DDF00028BF4022FEF704FE0028EDD007460DF1B3
:10DE0000040803E0013F08F10108E5D02068052877
:10DE100058D8DFE800F013331B27033D98F80000C3
:10DE2000D4F838116854D4F83801E17901308842C7
:10DE3000C4F83801A4BF05202060E3E798F800008B
:10DE4000AA38B0FA80F040092060DBE798F80000BB
:10DE500000210B2838BF03210A28216098BF3070A9
:10DE6000D0E700BF98F80000E07100284FF00400F0
:10DE700008BF05202060C4F838B1C3E798F8000057
:10DE80005538B0FA80F0400940002060BAE700BF82
:10DE900098F80000E179685402313046FDF7ECFF54
:10DEA000E179C0B2695C814205D130785AF820101E
:10DEB00009B148468847204640F20911F2F764FC50
:10DEC000A0E700BFC4F800B09CE700BF11B0BDE8F8
:10DED000F08F00000A299CBF00EB8100C0F80C21E4
:10DEE000704700004CF20426C2F20106306800219F
:10DEF0000024FFF7C7FB4EF2F015C2F201052846D9
:10DF00002C64F6F72FFE4EF24932C0F60002284686
:10DF10000421F7F7B1FB4DF69111C0F60001284638
:10DF2000F7F7EEFB4EF26844C2F20104D4F83C115C
:10DF3000B4F840212846F6F723FD00BF30684FF0C3
:10DF4000FF31FFF79FFB2046FFF730FFF6E70000A9
:10DF5000F0B585B0044600790138392800F25380C5
:10DF6000DFE810F03A00510096005100D600510051
:10DF7000C60051007C005100AA00FA0006015100C1
:10DF80005100500151003001510051005100510029
:10DF900051005100510051005100510051005100F9
:10DFA000510070005100B60051008C00510051002A
:10DFB00051005100510051005100510051005100D9
:10DFC0005100640051001401510024015100680106
:10DFD00051005C0151005400E079A0B14EF690551B
:10DFE0000026C2F2010500BF06EB46002044017A7C
:10DFF000B0F80920B4F80530284601F081FDE07939
:10E0000001368642F0D305B0F0BD00BF0020647930
:10E010008DF804004EF69050C2F2010001AA21468C
:10E0200001F05EFC3A218DF80940D7E06179E28881
:10E0300023894EF69050C2F2010005B0BDE8F040D1
:10E0400001F0E6BC6179A2794EF69050C2F201006F
:10E0500005B0BDE8F04001F017BD00BF00206479B5
:10E060008DF804004EF69050C2F2010001AA21463C
:10E0700001F00EFC8DF809400921AFE061794EF600
:10E080009050C2F2010005B0BDE8F04001F0A4BC20
:10E0900060790028B7D04EF69055A61D0027C2F231
:10E0A000010500BFF15D284601F0BAFD6079013736
:10E0B0008742F7D3A7E700BF61794EF69050C2F2CE
:10E0C0000100002205B0BDE8F04001F0F7BA00BF42
:10E0D000002064798DF804004EF69050C2F20100E1
:10E0E00001AA214601F034FB8DF80940222175E098
:10E0F00000206479ADF804004EF69050C2F20100A1
:10E1000001AA214601F014FC8DF8094007210EE018
:10E1100000206479ADF804004EF69050C2F2010080
:10E1200001AA214601F08CFB05218DF809408DF8EC
:10E130000A10BDF804108DF80B004EF26840ADF8DF
:10E140000C10C2F201000DF109020521052300F0B7
:10E1500091F805B0F0BD00BF61794EF69050C2F263
:10E160000100012205B0BDE8F04001F0A7BA00BFF0
:10E1700064794EF69050C2F2010001AA214601F0E6
:10E1800037FB8DF809400D2128E000BF002064799D
:10E1900001904EF69050C2F2010001AA214601F012
:10E1A000ABFA32218DF8094052E000BF6179E28874
:10E1B00023894EF69050C2F2010005B0BDE8F04050
:10E1C00001F0F2BC64794EF69050C2F2010001AA4F
:10E1D000214601F0E5FA8DF8094012218DF80A1068
:10E1E0009DF804108DF80B004EF268408DF80C106D
:10E1F000C2F201000DF109020521042300F03AF8F2
:10E2000005B0F0BD6179A2794EF69050C2F20100DE
:10E2100005B0BDE8F04001F055BC00BF6179A279BE
:10E220004EF69050C2F2010005B0BDE8F04001F09A
:10E2300099BC00BF0020647901904EF69050C2F264
:10E24000010001AA214601F09BFB8DF8094036210F
:10E250008DF80A1001998DF80B004EF26840039179
:10E26000C2F201000DF109020521072300F002F8B6
:10E2700005B0F0BD2DE9F04381B005464CF28400B5
:10E28000C2F2010090460F469A1D00F108010020DD
:10E290001C46FEF79BFAD8B1064645F2AA5106F88D
:10E2A000027F071D0180C4708146384641462246E0
:10E2B000F2F7FBF9A01C81B23046FDF7DDFD3855C1
:10E2C000D5F84C212846494601B0BDE8F043104737
:10E2D0006FF0010001B0BDE8F08300004CF20027B0
:10E2E000C2F201073868FFF75FFA4EF268494CF254
:10E2F0003026C2F201094EF2F0154DF6D118C2F2E5
:10E30000010609F5A874C2F20105C0F6000800BFB5
:10E3100038684FF0FF31FFF7B5F930682146002229
:10E320004FF0FF33FFF752F80028F1D128460121C2
:10E330004246F7F7A1F9D9F85011C878421D28468E
:10E34000F7F702FAE4E7000010B54EF2F014C2F25B
:10E3500001042046F6F706FC4EF24932C0F60002F0
:10E3600020460421F7F788F94DF69111C0F6000117
:10E370002046F7F7C5F94EF26840C2F20100D0F826
:10E380003C11B0F840212046BDE81040F6F7F8BA3D
:10E390000021021D016082EC030AC0E904118161C1
:10E3A0007047000090ED001A90ED053A90ED042AB8
:10E3B00031EE400A33EE031A30EE411A32EE011A02
:10E3C00081EE201A90ED013A90ED024A90ED035A49
:10E3D00020EE806A26EE044A23EE003A33EE043A39
:10E3E00080ED040A80ED052A25EE011A31EE031AAC
:10E3F00080ED061A704700002DE9F041044602F056
:10E40000AFFF4CF26826C2F20106F0684EF6101516
:10E410000130F0603068C2F2010558B1306900285F
:10E4200040F007813068E16AC06A884298BF346072
:10E43000FFE000BF3460F068012840F0FA80284611
:10E4400002F034FF05F1140002F030FF05F128005E
:10E4500002F02CFF05F13C0002F028FF05F150000E
:10E4600002F024FF05F1640002F020FF05F17800BE
:10E4700002F01CFF05F18C0002F018FF05F1A0006E
:10E4800002F014FF05F1B40002F010FF05F1C8001E
:10E4900002F00CFF05F1DC0002F008FF05F1F000CE
:10E4A00002F004FF05F5827002F000FF05F58C70A4
:10E4B00002F0FCFE05F5967002F0F8FE05F5A0707E
:10E4C00002F0F4FE05F5AA7002F0F0FE05F5B47056
:10E4D00002F0ECFE05F5BE7002F0E8FE05F5C8702E
:10E4E00002F0E4FE05F5D27002F0E0FE05F5DC7006
:10E4F00002F0DCFE05F5E67002F0D8FE05F5F070DE
:10E5000002F0D4FE05F5FA7002F0D0FE05F50270B7
:10E5100002F0CCFE05F5077002F0C8FE05F50C70A0
:10E5200002F0C4FE05F5117002F0C0FE05F516708C
:10E5300002F0BCFE05F51B7002F0B8FE05F5207078
:10E5400002F0B4FE05F5257002F0B0FE05F52A7064
:10E5500002F0ACFE05F52F7002F0A8FE05F5347050
:10E5600002F0A4FE05F5397002F0A0FE05F53E703C
:10E5700002F09CFE05F5437002F098FE05F5487028
:10E5800002F094FE05F54D7002F090FE05F5527014
:10E5900002F08CFE05F5577002F088FE05F55C7000
:10E5A00002F084FE05F5617002F080FE05F56670EC
:10E5B00002F07CFE05F56B7002F078FE05F57070D8
:10E5C00002F074FE05F5757002F070FE05F57A70C4
:10E5D00002F06CFE05F57F7002F068FE05F58260C2
:10E5E00002F064FE05F2244002F060FE05F587604B
:10E5F00002F05CFE05F24C4002F058FE4CF2C048BE
:10E60000C2F20108404602F051FE08F114073846F4
:10E6100002F04CFE06F1640002F048FE06F13C00F8
:10E6200002F044FE06F1500002F040FEC6F81C80E5
:10E6300037627068716A421CE06A72608842626484
:10E6400088BF706200EB800005EB8000211D02F0A6
:10E650006FFE02F0A9FE306988B13068E16AC06AD5
:10E66000884228BFBDE8F0814EF60450CEF200008B
:10E670004FF080510160BFF34F8FBFF36F8FBDE844
:10E68000F08100004CF268254EF610164EF6045844
:10E69000C2F20105C2F20106CEF200084FF0805727
:10E6A00003E000BF204602F097FEA868D0B102F058
:10E6B00057FEA86CC468201D02F0C4FDE86801384C
:10E6C000E860A8680138A86002F06EFE94F859006E
:10E6D0000228EAD00128E5D080B9206B02F07CFE48
:10E6E000E0E700BF3068022805D3C8F80070BFF328
:10E6F0004F8FBFF36F8F02F0D3FDD6E74FF050007E
:10E7000080F31188BFF36F8FBFF34F8FFEE70000D8
:10E710002DE9F0470A9C8246206B16460F46DDE93C
:10E7200008599100A5229846F2F704F8206B002FB3
:10E7300000EB8600A0F1040020F0070644D03878F2
:10E7400084F83400D8B3787884F83500B8B3B87852
:10E7500084F8360098B3F87884F8370078B33879BD
:10E7600084F8380058B3787984F8390038B3B87928
:10E7700084F83A0018B3F87984F83B00F8B1387A95
:10E7800084F83C00D8B1787A84F83D00B8B1B87A02
:10E7900084F83E0098B1F87A84F83F0078B1387B6D
:10E7A00084F8400058B1787B84F8410038B1B87BD8
:10E7B00084F8420000281CBFF87B84F84300002046
:10E7C00084F8430003E000BF002084F834000027F1
:10E7D000201D372D28BF3725E562C4E9135702F005
:10E7E00071FD04F1180002F06DFDC5F13800A06163
:10E7F00030465146424624616462676584F8587029
:10E8000000F04EFDB9F1000F206018BFC9F80040BC
:10E81000BDE8F08700294BD02DE9F04F81B0DDE94C
:10E820000A47994690460E46824602F099FD4CF200
:10E83000E02BC2F2010BDBF8000018BB0BF1140453
:10E84000204602F033FD0BF12805284602F02EFD8C
:10E850004EF610024EF6B003CBE902450A9C0025A5
:10E86000C2F20102C2F201030A201021009503F056
:10E8700095FBCBF8000028B143F64701C0F6010133
:10E8800002F064FE02F090FD381DC7F800A0C7E951
:10E8900006693C6202F016FDB8F1000F05D097F84A
:10E8A000280040F0040087F8280001B0BDE8F08F90
:10E8B0004FF0500080F31188BFF36F8FBFF34F8F7D
:10E8C000FEE7000008480068006880F308884FF001
:10E8D000000080F3148862B661B6BFF34F8FBFF3B8
:10E8E0006F8F00DF00BF000008ED00E081B0002066
:10E8F00000904CF29C00C2F2010000684FF0500101
:10E9000081F31188BFF36F8FBFF34F8F013007D0B2
:10E91000FEE700BF009830B9009820B9009810B900
:10E9200000980028F6D001B07047000088B04CF283
:10E93000E02AC2F2010A0DF11009EB46DAF80800EC
:10E9400005681DB1C068046801E000BF002403F041
:10E9500027F804F0D9F9DAF810100646884220D3D7
:10E96000002DCAF8106051D0B4424FD804F030FBEB
:10E97000DAF80800C068C7683D1D284602F062FC4E
:10E9800097F82800410745D400F0FA0087F82800DE
:10E9900082E000BF7860DAF8080029463F6102F0A3
:10E9A00095FCDAF80800016831B3C068C7680468EC
:10E9B0003D1D284602F046FC396A3846884797F8DC
:10E9C00028004007EDD5B8692044A042E2D8DAF823
:10E9D0000000002800F04081002004A991C104F04B
:10E9E00083F9DAF8000049460022002303F044FBD3
:10E9F0000028D6D130E100BFDAF80C10CAF8106058
:10EA0000CAE9021004F0E4FA4FE000BF65B1002249
:10EA100010E000BFB8693F610119B14279601DD9AA
:10EA20000AF108001FE000BFDAF80C000068B0FA35
:10EA300080F04209DAF80000A11B02F0F3FD04F0B7
:10EA4000C7FA90BB4EF60450CEF200004FF0805152
:10EA50000160BFF34F8FBFF36F8F26E0311B814200
:10EA600006D20AF10C000068294602F02FFC13E0E0
:10EA7000DAF80000002800F00D81002004A991C1FF
:10EA800004F032F9DAF8000049460022002303F0CE
:10EA9000F3FA002800F0FE80396A3846884704E01F
:10EAA0000AF10C02106802F011FCDAF80000594675
:10EAB000002203F065FD00283FF440AF0098B0F15C
:10EAC000FF3F06DCDDE9012003999047009800280C
:10EAD000EBD4029E706910B1301D02F0B3FB04F05C
:10EAE00013F9DAF81010074688420CD30098CAF8D8
:10EAF000107009283DD9D8E76860DAF80800214687
:10EB00002D6102F0E3FBDAF80800016841B3C06848
:10EB1000C568D0F800802C1D204602F093FB296ABE
:10EB20002846884795F828004007ECD5A869404456
:10EB30004045E1D8DAF80000002800F0838000208A
:10EB4000CDE90408069504F0CFF8DAF8000049464C
:10EB50000022002303F090FA0028D4D172E000BF15
:10EB6000DAF80C10CAE902100098CAF810700928E7
:10EB70009BD8DFE800F005050557415F05055741C3
:10EB800096F82800B26940F00101019886F8281033
:10EB90001318314641F8043FBB42366108D9874219
:10EBA0000AF10802BFF47EAF834205D27AE700BFC4
:10EBB000381A9042FFF474AF316A3046884796F8AD
:10EBC000280040077FF571AFDAF8000000284DD02B
:10EBD0000198B169069608440021CDE9041004F0BB
:10EBE00083F8DAF8000049460022002303F044FAD3
:10EBF00000287FF45AAF39E096F8280040F0010170
:10EC0000019886F828100028B06139D03844314680
:10EC10000AF10C0241F8040F3661B84288BF0AF1CC
:10EC200008023FE796F8280000F0FE0086F828006A
:10EC30003BE700BF96F828008107F5D4304602F084
:10EC4000CBFB32E74FF0500080F31188BFF36F8F9A
:10EC5000BFF34F8FFEE700BF4FF0500080F31188E5
:10EC6000BFF36F8FBFF34F8FFEE700BF4FF0500031
:10EC700080F31188BFF36F8FBFF34F8FFEE700BFA4
:10EC80004FF0500080F31188BFF36F8FBFF34F8FA9
:10EC9000FEE700BF4FF0500080F31188BFF36F8F85
:10ECA000BFF34F8FFEE70000F0B581B0044602F0DD
:10ECB00057FB94F94560012E0FDB04F1240500BFDA
:10ECC000286850B1284604F049F9002818BF02F01E
:10ECD0001DFDF0B2013E0128F2D8FF2684F8456000
:10ECE00002F062FB02F03CFB94F94470012F0EDB52
:10ECF00004F11005286850B1284604F02FF90028C7
:10ED000018BF02F003FDF8B2013F0128F2D884F8E1
:10ED1000446001B0BDE8F04002F046BBF0B5864665
:10ED2000D01D20F0070212F108034FF0000000F19F
:10ED30009480002A00F09180DEF808C0BCF1000F3A
:10ED400000F08B80DEF8002051B3486810285FD3B4
:10ED5000096820F0070411F0070518BFC5F1080580
:10ED6000601B102854D3002A52D062454FF0000097
:10ED700073D01768002F70D00D440E19714600BF74
:10ED8000AA423C4604D3B24242D257689F4215D2AF
:10ED9000644562D027681146002F2246F0D15CE01E
:10EDA000714606E0624508BFF0BD002C11462246C0
:10EDB00053D06AB3D2E900479F42F3D30C60DEF828
:10EDC0000C1002F10800CD1B27F00041CC1A082CD2
:10EDD000CEF80C5038D3D1184C6053604C6863198E
:10EDE000CEF80C30BEF1000F2ED0DEF800308B4292
:10EDF00010D24BB31D688D4210D22DB32B688B42BD
:10EE00000ED20BB3D3F800E08E457646EAD309E084
:10EE10000020F0BD1E46734604E000BF2E4601E010
:10EE20001E462B465F68DD198D4202D13C441946CF
:10EE30005C60776817B10D19B5420FD0B4468B42AC
:10EE4000C1F800C018BF196051684BF6EF6341F07C
:10EE50000041CDF6AD63C2E90031F0BD6645EED0AC
:10EE6000D6F800C027444F60E9E700004CF2E430D8
:10EE7000C2F20100006800220023FEF739BB000047
:10EE80004CF2EC30C2F20100006800220023FEF7D1
:10EE90002FBB000070B5044602F082FD4CF21C3C12
:10EEA000C2F2010CDCF8042012B19CF8000020E052
:10EEB0004CF20000C2F20000420700F5204200F1CF
:10EEC000070122F0070218BF21F007000021A2F17C
:10EED0000803CCE90601CCF8043042E90211DCF861
:10EEE0000420191AC0E900210120CCE902118CF894
:10EEF00000000025002C4FF0000148BF01215AD02E
:10EF0000084058D124F0070000F11003600708BF43
:10EF100004F10803DCF80800591E81424BD2604618
:10EF200050F818EFDEF804509D422CD2DEF80010A5
:10EF3000C1B174464D689D4218D20E68B6B175686D
:10EF40009D4217D23068A8B145689D4216D2046828
:10EF5000A4B165689D4215D22168A6460029E9D171
:10EF600011E000BF0CF118000DE000BF8E462046F6
:10EF700009E000BFB646084605E000BF86463046B9
:10EF800001E000BFA646964514D00268DEF80040B6
:10EF9000E91A112904604FD30EEB0305680719D055
:10EFA0004FF0500080F31188BFF36F8FBFF34F8F86
:10EFB000FEE700BF002504F00BF868075CD04FF0B7
:10EFC000500080F31188BFF36F8FBFF34F8F00BFE6
:10EFD000FEE700BF0CF118006960CEF8043000BFF6
:10EFE0000168A9420AD20868A8420BD20168A94266
:10EFF00004D208680B46A842F2D304E00346084650
:10F0000001E000BF0B465C6869681E19AE4202D180
:10F0100021441D4659606C18844201D0044607E023
:10F02000DCF80440A04203D0D0E900400844686006
:10F03000AB422C6018BF1D60DEF80400DCE902134F
:10F0400002F10805091A9942CCF8081038BFCCF82B
:10F050000C109CF8001000294FF0000118BF40F080
:10F060000040CEE90010DCF810000130CCF81000B0
:10F0700003F0AEFF6807A2D1284670BD4CF26820AD
:10F08000C2F20100016819B101680A6D01320A6516
:10F090000068704740B110B5044602F061F9E469B8
:10F0A00002F082F9204610BD4FF0500080F3118825
:10F0B000BFF36F8FBFF34F8FFEE7000002460020C3
:10F0C000C4F202004FF40061F2F75CBF0246002078
:10F0D000C4F202004FF48051F2F754BF024640F6EA
:10F0E0000000C4F202004FF48071F2F74BBF000041
:10F0F000024640F60000C4F202004FF40071F2F73D
:10F1000041BF000090F8211001291BD141694CF644
:10F11000CD42CCF6CC42A1FB0212D0E90213120977
:10F12000591A00EE101A01EE102AB8EEC00AB8EE15
:10F13000411A80EE010A0121C261018480ED060AB4
:10F1400004E000BF90F82010C9071FD0C269816891
:10F15000013AC26112D090ED060A01EE102AB8EE13
:10F16000C11A20EE010ABDEEC00A10EE102A1144A9
:10F17000C160426811440161704700BF0022C16054
:10F1800080F820204268114401617047C1684268DC
:10F19000114401617047000010B528210446F1F7C1
:10F1A000F3FA40F2DC50C4E9030010BD6429A8BFA3
:10F1B000642111F1640FD8BF6FF0630141607047A3
:10F1C00047F230539A4238BF1346142B98BF14238A
:10F1D000B1F5FA7F98BF4FF4FA7140F6C41291422C
:10F1E00028BF114681600121436180F821107047DA
:10F1F00070B54CF28404C2F201040020214628229A
:10F200000025FDF7E3FA4EF60016C2F20106306063
:10F21000FFF7C2FF002021462822FDF7D7FA7060D1
:10F22000FFF7BAFF002021462822FDF7CFFAB06091
:10F23000FFF7B2FF002021462822FDF7C7FAF06051
:10F24000FFF7AAFF4FF2BD004ECEC0F600004862A5
:10F250004FF2CD00C0F6000050624FF2DD00C0F664
:10F2600000004DF6502158624FF2F100C2F2010148
:10F27000C0F60000096870626FF001004D6208611D
:10F280006FF002000861C86840F00100C860C868FB
:10F2900040F00200C860086840F00100086070BDDE
:10F2A00003464EF6ED0021F00101C0F600004FF0DC
:10F2B000807C03E903106FF00201A3F1440043E9ED
:10F2C0000912704702780F2A1CBF4FF0FF307047B9
:10F2D000027E002A1CBF6FF00100704770B5032248
:10F2E0000A6090F801C0827862F30A2CA1F804C089
:10F2F0008278C3784FEAD20E63F34A1EA1F806E083
:10F300000379C27844799B0043EA921264F38A221B
:10F310000A81437984795B0864F3CA134B81847949
:10F32000C579240965F30A148C81057AC479467A73
:10F330006D0045EAD41466F34A24CC81447A857A78
:10F34000A40865F38A140C82C47A857AE40044EA3E
:10F3500055144C82047B457BBCF5787F65F30A2409
:10F360008C82447B857B4FEAD40465F34A14CC82BB
:10F37000C57B847B067C4FEA850545EA941466F3D9
:10F380008A240C83047C457C4FEA540465F3CA1438
:10F390004C83447C857C4FEA141465F30A148C83F7
:10F3A000C57C847C067D4FEA450545EAD41466F3A6
:10F3B0004A24CC83047D457D4FEA940465F38A1486
:10F3C0000C84847D457D4FEAC40444EA55144C8482
:10F3D000C47D4FEAD41481F82440C47DC4F3801462
:10F3E00081F82540C47DC4F3401481F82640C07DD7
:10F3F000C0F3001081F827004FF0000008BFBEF5F1
:10F40000787F01D070BD00BF202A18BF70BDB3F552
:10F41000787F02BF012081F82600002070BD000027
:10F42000F0B581B04CF2F435C2F201056E680C46BD
:10F4300086F001001F29686006D84EF27020C2F2E3
:10F440000100F5F78FFB686805F1100757F82010E9
:10F450004EF27020C2F201002022F5F791FAE8681E
:10F4600057F826102246FDF799FBE868FDF702FAE7
:10F4700019283CBF01B0F0BD4CF20C20C2F20100D3
:10F48000006801B0BDE8F040FEF78EB98AB04CF2DA
:10F490008406C2F201060020314628220024FDF72E
:10F4A00095F94CF2F437C2F20107032106F1080581
:10F4B00038600160002029462022FDF787F9386175
:10F4C000002029462022FDF781F97861002031468D
:10F4D0004FF400727C60FDF779F9B8600020314686
:10F4E0001C22FDF773F9B9684FF40072F860FDF75C
:10F4F000F1F94EF270294CF20C2B4EF2684AC2F22E
:10F500000109C2F2010B07F11806C2F2010A0DF15E
:10F51000040800BF4846F5F725FB4FF22141484655
:10F52000C0F60001F6F7ECF87868202207EB8000BF
:10F5300001694846F5F724FADBF800004FF4FA7148
:10F54000FEF7A0F818B1E5E70121FDF7D7FA3A4632
:10F5500042F8184F52F80C0C002119231476C2E916
:10F560000144C2E903445461FDF7D0F91928E3D1FD
:10F5700039683046FFF7A6FE0146F8680029E3D156
:10F580001921FDF7BBFA3868436882680193038A42
:10F59000C168458AADF81030838AADF81250C58A2B
:10F5A000ADF81430038BADF81650458BADF818301C
:10F5B000838BADF81A50C58BADF81C30038CADF8B9
:10F5C0001E50458CADF8203090F82430ADF8225014
:10F5D00090F825508DF8243090F8263090F82700C8
:10F5E00002928DF8263003918DF8270050460921AC
:10F5F000424624238DF82550FEF73CFEA7E7000085
:10F6000080B582B04CF23020C2F201000068019156
:10F6100001A900220A23FDF76BFF02B080BD0000A4
:10F62000012100220163C0E90022C0E90222027424
:10F6300080F82C108262C0E90522C0E9072280F818
:10F64000242042637047000010B54EF69054C2F279
:10F6500001042046FFF7E4FF4CF218204FF6594210
:10F66000C2F201000521C0F600020068C4E90C12D4
:10F670000021FEF707F841F20004C4F2020420461C
:10F680004FF480710122F2F77DFC20468021012297
:10F69000F2F778FC4EF2F020C2F2010000686FF041
:10F6A000800101606FF0400101606FF02001016096
:10F6B000C16841F02001C16010BD000080B584B078
:10F6C00045F255538DF805108DF8082011446FF060
:10F6D0002302ADF8033041F60473511AADF8063039
:10F6E0008DF809100021436B8DF80A100DF103010C
:10F6F0000122984704B080BDB0B584B0054645F2FC
:10F700005550ADF8030041F20350ADF806006FF01C
:10F710001800401A8DF8080000206B6B14468DF815
:10F7200005108DF809000DF10301284600229847C5
:10F7300020B14FF0FF3004B0B0BD00BFB5F80900F4
:10F740002080B5F80B006080002004B0B0BD000040
:10F75000B0B584B0054645F25550ADF8030041F20E
:10F760000330ADF806006FF01600401A8DF808005F
:10F7700000206B6B14468DF805108DF809000DF113
:10F78000030128460022984720B14FF0FF3004B013
:10F79000B0BD00BF687A2070002004B0B0BD00008A
:10F7A000B0B584B0054645F25550ADF8030040F6BB
:10F7B0000360ADF806006FF01100401A8DF80800E4
:10F7C00000206B6B14468DF805108DF809000DF1C3
:10F7D000030128460022984720B14FF0FF3004B0C3
:10F7E000B0BD00BF687A2070002004B0B0BD00003A
:10F7F000B0B584B0054645F25550ADF8030042F26D
:10F800000300ADF806006FF02300401A8DF80800E1
:10F8100000206B6B14468DF805108DF809000DF172
:10F82000030128460022984720B14FF0FF3004B072
:10F83000B0BD00BF687A2070002004B0B0BD0000E9
:10F84000B0B584B0054645F25550ADF8030041F619
:10F850000340ADF806006FF01F00401A8DF8080055
:10F8600000206B6B14468DF805108DF809000DF122
:10F87000030128460022984720B14FF0FF3004B022
:10F88000B0BD00BFB5F809002080002004B0B0BDB5
:10F89000B0B584B0054645F25550ADF8030041F6C9
:10F8A0000320ADF806006FF01D00401A8DF8080027
:10F8B00000206B6B14468DF805108DF809000DF1D2
:10F8C000030128460022984720B14FF0FF3004B0D2
:10F8D000B0BD00BF687A2070002004B0B0BD000049
:10F8E000B0B584B0054645F25550ADF8030041F679
:10F8F0000310ADF806006FF01C00401A8DF80800E8
:10F9000000206B6B14468DF805108DF809000DF181
:10F91000030128460022984720B14FF0FF3004B081
:10F92000B0BD00BF687A2070002004B0B0BD0000F8
:10F93000B0B584B0054645F25550ADF8030041F628
:10F940000330ADF806006FF01E00401A8DF8080075
:10F9500000206B6B14468DF805108DF809000DF131
:10F96000030128460022984720B14FF0FF3004B031
:10F97000B0BD00BFB5F809002080002004B0B0BDC4
:10F98000B0B584B0054645F25550ADF8030041F2DC
:10F990000370ADF806006FF01A00401A8DF80800E9
:10F9A00000206B6B14468DF805108DF809000DF1E1
:10F9B000030128460022984720B14FF0FF3004B0E1
:10F9C000B0BD00BFB5F809002080B5F80B0060801D
:10F9D000002004B0B0BD000080B584B045F255529F
:10F9E000ADF8032041F20322ADF806206FF01502B6
:10F9F0008DF80510511A8DF808100021436B8DF811
:10FA000009100DF103010122984704B080BD0000E8
:10FA100080B584B045F2555CB2F57A7FADF803C08D
:10FA20008DF805104FF47A7C28BF6246B3F57A7FD3
:10FA300038BF9C46934213463CBF634694461A0A1D
:10FA400019448DF809204FEA1C2201EB13218DF88F
:10FA50000B2041F207426144ADF8062001EB1C2166
:10FA60006FF01B02511A8DF808308DF80C10002130
:10FA7000436B8DF80D100DF1030101228DF80AC0C2
:10FA8000984704B080BD000080B584B045F255535E
:10FA90008DF805108DF8082011446FF01502ADF8AF
:10FAA000033041F20413511AADF806308DF80910F5
:10FAB0000021436B8DF80A100DF1030101229847D4
:10FAC00004B080BD80B584B045F255538DF8051063
:10FAD0008DF8082011446FF01102ADF8033040F6A4
:10FAE0000453511AADF806308DF809100021436B0C
:10FAF0008DF80A100DF103010122984704B080BD72
:10FB000080B584B0B2F57A7FA8BF4FF47A728DF8D1
:10FB10000510114401EB122145F2555C1944ADF872
:10FB200003C08DF808204FEA122C01EB13216FF06F
:10FB30000802511A8DF809C08DF80A304FEA132CCB
:10FB40008DF80C100021436B8DF80BC040F2071CA0
:10FB50008DF80D100DF103010122ADF806C0984794
:10FB600004B080BD80B584B045F25553ADF8033084
:10FB70008DF80510642A28BF64228DF808201144EE
:10FB80006FF01C0241F60403511AADF806308DF8EF
:10FB900009100021436B8DF80A100DF103010122B9
:10FBA000984704B080BD000080B584B045F2555C34
:10FBB000ADF803C041F2941C8DF80510624588BF72
:10FBC000944643F2B062934238BF1A469646944533
:10FBD00038BFE646714401EB1E2188BF62464FEAFA
:10FBE0001E2311448DF809308DF80A20130A01EB09
:10FBF00012216FF01D028DF80B3041F20763511A8C
:10FC0000ADF806308DF80C100021436B8DF80D1007
:10FC10000DF1030101228DF808E0984704B080BD82
:10FC200080B584B045F25552ADF8032040F603424A
:10FC3000ADF806206FF00F028DF80510511A8DF8FF
:10FC400008100021436B8DF809100DF1030101220A
:10FC5000984704B080BD00002DE9F04381B041F227
:10FC60000008C4F2020816460F46054640464FF407
:10FC700080710122F2F786F940468021002200249B
:10FC8000F2F780F9387B6FF0200985F82400386896
:10FC9000B9687A6885F82C604EF2F026C2F2010647
:10FCA000A86130682C74AC626C61C5E90044C5E998
:10FCB00002446FF080076FF040042962EA61C0F8E7
:10FCC000009007600460C16841F08001C160C168B4
:10FCD00041F04001C160C16841F02001C1604CF2B7
:10FCE0001820C2F201000068296BFDF7CBFC3168D7
:10FCF0000546CA68002D22F08000C860C8684FF031
:10FD0000010220F04000C860C86818BF4FF0FF35FE
:10FD100020F02000C860C1F800900F600C604046E1
:10FD20004FF48071F2F72EF9404680210122F2F75C
:10FD300029F9284601B0BDE8F083000080B582B003
:10FD4000019001A900200122F6F7C0FF019802B03E
:10FD500080BD000080B582B0019001A90020012281
:10FD6000F6F7B4FF019802B080BD000070470000B4
:10FD700080B5016890F83820097C406B5143C90078
:10FD8000F0F7E0FC80BD000070B582B0002B00F001
:10FD90007F8090F88CC0BCF1000F79D0DDF818C0DE
:10FDA000022B09D3BCF1030F3AD0BCF1020F03D1EF
:10FDB000C91A013103E000BF5FEACC7C32D1B0F850
:10FDC0004CC0624564D3B0F84EC0624560D2B0F812
:10FDD00048C0B0F84AE013FA81F48BB2A5B273457B
:10FDE000664638BF0E46A54208BF0E4673452346F9
:10FDF000B1B238BFAEF10103A54208BF2B46714531
:10FE000046D29BB2634543D9614588BF8C46734552
:10FE100038BF9E46AEEB0C034FF0000E614631E05A
:10FE2000D21A0132B0F84860B14231D3B0F84A601A
:10FE3000B1422DD2B0F84CC0B0F84EE013FA82F4C3
:10FE400093B2A5B27345664638BF1646A54208BFB1
:10FE5000164673452346B2B238BFAEF10103A54240
:10FE600008BF2B46724513D29BB2634510D9624539
:10FE700088BF9446734538BF9E46AEEB0C034FF0E7
:10FE8000010E6246066B9BB2B668CDF800E0B04743
:10FE900002B070BD40F6B14CC0F6010CC0F804C011
:10FEA00000F04CB910B5B0F84E40DDF808C0B0F81D
:10FEB0004CE0A24206D2624598BFF4450AD8002021
:10FEC00010BD00BF62454FF0000288BFF44501D865
:10FED000104610BDB0F84A20B0F8480091420BD24D
:10FEE000002299424FF0000188BF0121834288BF60
:10FEF000012241EA020010BD002299424FF00001A8
:10FF000088BF0121834288BF01220A40104610BDEC
:10FF100010B5044600F0FAFD2046BDE8104000F0A0
:10FF20009DBE00002DE9F04F81B00446806D8842EF
:10FF30005DD0A16508780D4684F87400487884F88F
:10FF40007500887884F87600C87884F87700087996
:10FF500084F87800487984F87900887984F87A0000
:10FF6000C87984F87B00087A84F87C00487A84F8A1
:10FF70007D0091F90A9084F87E90C87A84F87F0019
:10FF800091F90C80084684F8808091F90D7084F80E
:10FF9000817091F90E6084F8826091F90FB084F855
:10FFA00083B091F910A0112184F884A000F038FCEE
:10FFB000A4F886002846132100F032FCA4F888003B
:10FFC0002846152100F02CFCA4F88A0094F88D0036
:10FFD00084F88E7084F88F6048B101280AD15F459B
:10FFE000B8BF84F88EB05645C8BF84F88FA001B062
:10FFF000BDE8F08F08EB0900B842C8BF84F88E0056
:020000040801F1
:100000004645C246F3DD84F88FA001B0BDE8F08F0D
:1000100080F870107047000080F86D107047000085
:1000200040F22D21C0F60101C1657047B0B504460C
:10003000049884F8382040F20112A4F89220026853
:100040000025C4E90B302046A56584F8395084F8B2
:100050006D5084F8915084F88D5061639047002072
:10006000CFF6FF70216B20656065496820468847A0
:100070002046FFF7D5FF84F87050B0BD70B582B050
:100080001C4613460D4641F2711140F6B562C0F6AA
:100090000101C0F601020646009400F0EBFD0DF1EF
:1000A000070000F02BFD9DF8072040F6790301467C
:1000B000C0F6010330460095FFF7B8FF02B070BDEF
:1000C000022B0BD0012B05D0002B14BF1044084489
:1000D00080B27047801A80B2704700BF401A80B269
:1000E00070470000022B0BD0012B05D0002B14BF52
:1000F000401A104480B27047084480B2704700BF75
:10010000801A80B27047000010B582B0B0F83EE0AF
:10011000DDF810C0C46AA2EB0E0292B2CDF800C0A6
:10012000A04702B010BD000080B582B0DDF810C05D
:10013000CDF800C0FFF7E8FF02B080BD2DE9F04F19
:1001400081B01F4692460D4606464FF6FF7801F0F5
:1001500075F8726839783046904740455ED0A8F10E
:1001600001017C1C4FF000091FFA81FB08E000BF71
:100170008144726814F8011B3046904740454FD0C7
:1001800087B25F45F5D096F870205046032A29467D
:100190001DD8DFE802F00317091100BFF16D3046EA
:1001A00088475044294612E0F16D30468847AAEB53
:1001B000000029460BE000BFF16D30468847411929
:1001C00004E000BFF16D30468847291A5046A6F872
:1001D0006410A6F866003046394600F0BBFA48B114
:1001E0000146304600F024F896F87010032906D92D
:1001F000BEE700BF002096F870100329B8D8DFE8EA
:1002000001F0050B030700BF2D1AB1E70544AFE766
:10021000AAEB000AACE700BF8244A9E74FF000094F
:100220001FFA89F001B0BDE8F08F00000020704790
:100230002DE9F04F8BB080460166002088F86C00F5
:1002400098F878000B784FF0FF32082831BF054648
:100250000131C8F86010A0F1080502FA00F023EAA5
:10026000000098F8793088F86C5088F86A005F19B7
:100270000E78FCB2082CECB226FA04F60AD34C1C19
:10028000C8F86040C5F108054978EDB2A9400E43B1
:10029000083F21469A4098F8923026EA02020492DA
:1002A00088F86B2098F87A2088F86E30B3FA83F3D8
:1002B0005B0988F86C7088F86F30BC180B78E6B270
:1002C000082EFEB223FA06FC0BD34E1CC8F8606061
:1002D000C7F108074978FFB2B9404CEA010C083C65
:1002E000314698F87B7088F86C403E190D78F3B26F
:1002F000082BE3B225FA03F50AD3C4F108034C1C1A
:10030000C8F860404978DBB299400D43083E214669
:100310004FFA80F998F87C0088F86C6003903044BC
:100320000B78C4B2082CF4B223FA04F409D3C6F152
:1003300008034E1CC8F860604978DBB299400C4352
:100340000838B9F1010F88F86C00C0F2F4814FF061
:10035000FF30511E00FA02F2C9B22CEA020200FA82
:1003600001F111447A1E4EB2D1B20122B84002FA14
:1003700001F1049A25EA00031A440294891A98F8B4
:100380007040B8F864004FB231463A462346FFF752
:1003900097FE0546B8F8660031463A462346A8F867
:1003A0006450FFF79FFE032CA8F8660022D8DFE810
:1003B00004F00319091100BF049905EB090340FA81
:1003C00081F119E0A5EB09016B1C4D1C049949B2A0
:1003D000421A04E00499A0EB090245FA81F3411C9A
:1003E000501C09E004996B1C49B2691A4D1C00EBC2
:1003F000090101E02B460146029C8FB2A9B282B2EC
:100400009BB240460097FFF74DFD002800F0938116
:1004100098F86C20D8F860604FF0000B4FF0000E99
:10042000A8F868B0CDF8188007E000BF04984FFA2C
:100430008BF140B2814280F2798198F876C03378AE
:1004400002EB0C07D0B2FDB2082D23FA00F30AD359
:10045000751CC8F86050C2F108027078D2B29040A2
:100460000343083F2E4698F8772088F86C70D1191E
:100470003578CCB2082CFCB225FA04F509D3741CEB
:10048000C8F86040C7F108077078FFB2B84005436C
:1004900008394FF0FF3707FA0CF023EA0000099003
:1004A00007FA02F0854388F86C10089504E000BF55
:1004B000C80788F86C20B9D098F86D1098F86A00D1
:1004C00000290999A0EB0E055FFA81F95FFA85FA18
:1004D00006D0CA4532D9DDE9082745463AE000BFD3
:1004E00098F87060B8F866004FFA8EF44FFA8BF700
:1004F00021463A463346CDF81CE0FFF7F3FDB8F845
:1005000064100A90084621463A463346FFF7D8FD64
:100510000146534698F86F00D14538BF4B460A9ABA
:1005200088F8920040460096FFF72EFCCA4540F23C
:10053000A580099FDDE907E245460BE009990BF12B
:10054000010B4F1BF9B2814280F0CE80089A4546DC
:100550004FF0000E95F86A1007EB0E004FFA80F886
:1005600085F86800081A95F870A0C6B259465FFA77
:1005700082F905903446B5F864004FB285F869B049
:10058000B145B5F866B038BF4C460A9141463A4687
:100590005346FFF795FD0790584641463A46534665
:1005A000FFF7A0FD95F86E10024685F892100799A6
:1005B00028462346CDF800A0FFF7E6FB4E4503D9B9
:1005C000089EDDF828B037E008980599DDF8189006
:1005D000DDF828B0401A00BF06460BF1010099F87B
:1005E0006A4099F870704FFA80FBB9F864005FFABE
:1005F00086F8A246B9F8665000215A463B46A04507
:1006000038BFC246FFF75CFD0A90284600215A46D3
:100610003B46FFF767FD99F86E10024689F8921085
:100620000A99484653460097FFF7AEFBA045A6EB54
:100630000400D1D24FF0000806EB080EDDF8188058
:10064000D8F8606098F86C3088F868E088F869B08D
:1006500031785A1CD7B2082F21FA03F1FFF428AFE2
:10066000701CC8F86000C3F108027778D2B207FAAC
:1006700002F21143DA1F06461AE700BF0998401B31
:1006800006E000BFF8B2A842A7EB0500FFF45EAF9A
:1006900098F86D1007460BF1010098F86A50002990
:1006A0004FFA80FBEED198F87060B8F86600002130
:1006B0005A463346FFF716FDB8F86410044608465C
:1006C00000215A463346FFF7FBFC014698F86F00BD
:1006D000FBB2AB4228BF2B4688F892004046224628
:1006E0000096FFF751FBCDE7089A00BF3F1AF9B219
:1006F00081420FD33F1AF9B281420FD33F1AF9B2A8
:1007000081420FD33F1AF9B281420BF1040BEDD2B3
:1007100045461DE745460BF1010B19E745460BF130
:10072000020B15E745460BF1030B11E798F86E0035
:10073000029C88F89200039A4FF0FF3000FA02F111
:10074000013AD2B224EA01019040084440B20BB011
:10075000BDE8F08F70B50C46816DFF2C01F11701DB
:1007600004D8612C36D3B0F8880037E0B0F88A009E
:100770000E1835462846002100F052F80644284657
:10078000022100F04DF8A04205F10405F2D33088B3
:1007900040BA00283ED0A0423ED0B078315A49BA83
:1007A000C1B3A142064437D0B078315A49BA89B3AF
:1007B000A142064430D0B078315A49BA51B3A1426F
:1007C000064429D0B178705A0E4440BA0028E2D1CC
:1007D00020E000BF412C02D3B0F8860001444878E5
:1007E000C0B10A78944219D00144487890B10A788F
:1007F000944213D00144487860B10A7894420DD0F5
:100800000144487830B10A78944207D001444878CE
:100810000028E6D1002070BDF01C70BD881C70BDA2
:10082000405A00BA000C704710B54CF28401C2F275
:10083000010100209422FBF7C9FF4EF6C85443F68D
:10084000900140F6015241F28D13C2F20104C0F64C
:100850000101C0F60102C0F601032060FFF70EFCA3
:10086000206800F0F5F92068002100F0FDF920680B
:10087000BDE81040FFF77CBA2DE9F04102F0070413
:10088000012690F89250A640022DB44628BF4FF0A2
:10089000000CB5F1010E18BFB646056822F0070638
:1008A0002D7C476BDDF81880754317FA85F5B8F194
:1008B000000F294418D013F00306A3F1010500F03E
:1008C000AB800C7844EA0C0484EA0E07541C14F044
:1008D00007040F701ED04FEA4C0C4FEA4E0E012E4B
:1008E00025D12B4698E000BF13F00302A3F10100CD
:1008F0003AD00C78012A44EA0C0484EA0E050C462E
:1009000004F8015B26D10346214680B203282FD28A
:10091000F2E000BF478F4FF00108394490F8927021
:10092000012F98BFC44618BFC646012ED9D00C78F7
:1009300044EA0C0484EA0E07941C14F007040F70B8
:1009400036D04FEA4C0C4FEA4E0E022E3DD1023B00
:1009500062E000BF4C78022A44EA0C0484EA0E04E8
:100960004C7043D10231023B80B20328C0F0C480F6
:10097000081F00BF10F8041F043B41EA0C0181EA84
:100980000E0101704178827841EA0C0181EA0E0182
:10099000C478417042EA0C0181EA0E01817044EA98
:1009A0000C0181EA0E011A04C170E3D1A4E000BF7A
:1009B000478F4FF00108394490F89270012F98BF8B
:1009C000C44618BFC646022EC1D00C78033244EA92
:1009D0000C0484EA0E040C7012F00704A3F1030364
:1009E00010D04FEA4C0C4FEA4E0E15E08A78033BCC
:1009F00042EA0C0282EA0E028A70033180B20328B6
:100A0000B6D279E0428F0126114490F89220012A53
:100A100098BFB44618BFB646AAB2032A38BFBDE88D
:100A2000F08101220EE000BF458F90F892602944CA
:100A3000012E98BF944618BF9646043B1D0484F0CF
:100A4000040459D00D78661C45EA0C0585EA0E05AC
:100A500076070D7004D04FEA4C0C4FEA4E0E08E0BA
:100A6000458F90F892602944012E98BF944618BF94
:100A700096460D78A61C45EA0C0585EA0E05760714
:100A80000D7005D04FEA4C0C4FEA4E0E09E000BF46
:100A9000458F90F892602944012E98BF944618BF64
:100AA00096460D78E61C45EA0C0585EA0E057607A4
:100AB0000D7005D04FEA4C0C4FEA4E0E09E000BF16
:100AC000458F90F892602944012E98BF944618BF34
:100AD00096460D7804F0070445EA0C0585EA0E05F4
:100AE000042C0D70A0D04FEA4C0C4FEA4E0E043B84
:100AF0001D0484F00404A5D1BDE8F08101464EF642
:100B0000CC500822C2F201000A7070472DE9F04F64
:100B100081B0834690F8388000689BF8396090F87F
:100B20001190002501274FF6F87A00BFDBF800008E
:100B3000F2B2037CDBF8340005FB03F101EA0A01A1
:100B4000441858460021009400F06EF8474506D23C
:100B50000136F0B20835484507F10107E6D301B088
:100B6000BDE8F08FB0B590F838100568CB008387EA
:100B700095F810C090F8393095F811E04FEACC0C98
:100B8000DA005C18A0F83AC0C287744588BFAEEBA3
:100B900003011944C900A0F84020A0F84210696977
:100BA0004164B0BD70B582B00446216CB0F8440019
:100BB000E164B4F85010B4F85420B4F85230B4F8EA
:100BC00056500026A4F84A002046A4F84860009534
:100BD000FFF768F920B3B4F84810B4F850000122C8
:100BE000814284F88C2038BFA4F84800B4F84A1039
:100BF000B4F85200814288BFA4F84A00B4F84C10FF
:100C0000B4F85400814238BFA4F84C00B4F84E1038
:100C1000B4F85600814288BFA4F84E0002B070BDFF
:100C200084F88C6002B070BD80B582B0DDF810C071
:100C3000D0F808E08DF805108DF806208DF8043006
:100C40006B460F210122CDF800C0F04702B080BDF5
:100C5000D0F808C00A21002200236047D0F808C05D
:100C60001021002200236047D0F808C00A460B215B
:100C70000023604710B54FF47F44DDF808C0A0F8AA
:100C80002340FF244FF0000E80F8284000F10804B4
:100C9000C0F800E080F826E084E80E50BDE810407F
:100CA000AFF30080D0F808C009210022002360477C
:100CB00000294FF6FF7008BF70470A2918BF084681
:100CC00070470000D0F810C01921002200236047AF
:100CD00080B582B08DF807100DF10702012100F0F8
:100CE00003F802B080BD0000D0F810C013460A46D9
:100CF00017216047D0F810C0182100220023604758
:100D000070B514390C294FF0000088BF70BDDFE8C2
:100D100001F0737474071F2774747474747473000F
:100D2000002A69D04CF2504CC2F2010C9CF800E051
:100D300012F003002AD01C4614F8015B0EF10101E9
:100D40000CEB0E060128757022D1501E234635E0AB
:100D50004CF25040C2F20100002101704CE000BF93
:100D60004CF2FC14C2F2010420684FF0FF31FCF792
:100D700007FC4CF25041C2F2010111F8012B78201E
:100D8000F4F776FD2068FCF759FC35E0104616E0D4
:100D90005D780EF102045CFA81F102284D7005D1F4
:100DA0000233901E2146A64609E000BF98785CFAFF
:100DB00084F60EF1030170700333D01E8E46042AB0
:100DC00018D31A1F0CF10103714600BF12F8046F0B
:100DD000CCB21E554D1C5678EDB25E558C1C9678E3
:100DE000E4B21E55CD1CD67804380431EDB20406A9
:100DF0005E55EBD18CF80010012070BDD0F80CC00E
:100E00001921002200236047D0F80CC00A461621A1
:100E100000236047D0F80CC00A4615210023604724
:100E2000D0F80CC013460A4617216047F0B581B0D0
:100E30000E4604460DF103050AE000BFA1F11800BB
:100E4000022817D2E668204600220023B0473E461B
:100E5000374617F8011B1729F0DCA1F1150002280D
:100E600014D27278E768204600238DF80320B84733
:100E70000236EDE7FE2915D17278204629218DF83A
:100E8000032000F0BFF90236E2E700BF172909D1BD
:100E9000707801218DF8030020462A46FFF7C0FF35
:100EA0000236D5E701B0F0BDD0F80CC01821002201
:100EB0000023604770B51439052900F2A180DFE8EE
:100EC00001F015030323121204461546FFF712FF23
:100ED00020460021FFF7FCFE20462946FFF7F8FEDA
:100EE0002046FFF7EFFE012070BD00BF90F82410F0
:100EF000FF2904BF782180F82410D0F810C01421F5
:100F0000BDE87040604700BF182A7DD918211546FA
:100F10001A4604461E4600F079F9A5F11800C2B23F
:100F2000192A06F118036DD3204618211A4600F03D
:100F30006DF9A5F13000C2B2192A06F1300361D370
:100F4000204618211A4600F061F9A5F14800C2B206
:100F5000192A06F1480355D3204618211A4600F0F5
:100F600055F9A5F16000C2B2192A06F1600349D310
:100F7000204618211A4600F049F9A5F17800C2B2BE
:100F8000192A06F178033DD3204618211A4600F0AD
:100F90003DF905F17000C2B2192A06F1900331D370
:100FA000204618211A4600F031F905F15800C2B266
:100FB000192A06F1A80325D3204618211A4600F065
:100FC00025F905F14000C2B2192A06F1C00319D370
:100FD000204618211A4600F019F905F12800C2B27E
:100FE000192A06F1D8030DD3204618211A4600F01D
:100FF0000DF9204605F1100206F1F00304E000BFF0
:10100000002070BD02462046D1B21A4600F0FEF81C
:10101000012070BD10B5D0F814C028210022002393
:101020000446E047D4F80CC02046142100220023D7
:10103000E04720464B21012200F0E4F820682921F6
:101040000279204600F0DEF820464B21002200F015
:10105000D9F8206829210279204600F0D3F82046EB
:101060004B21012200F0CEF8206829214279204648
:10107000BDE8104000F0C6B88A7C016080F82220EC
:1010800070470000F0B581B00A39044605294FF0D9
:1010900000005FD81546DFE801F003195D0B273328
:1010A0002046FFF7B7FF43F6B771C0F6010117E01E
:1010B000002D51D043F6B071C0F601012046FFF774
:1010C000B5FE2068C07C84F8220042E0002D07BFF6
:1010D00043F6EC71C0F6010143F6F171C0F601016F
:1010E0002046FFF7A3FE34E02046FFF7DDFE204652
:1010F0008121FFF78FFE20462946FFF785FE25E078
:1011000020461E46FFF7D0FE707994F8221001EBBE
:10111000C007F8B2000900F110012046FFF77AFE7F
:1011200007F00F012046FFF775FEB07940F0B001DF
:101130002046FFF76FFE00BF30793268C000C1B2B1
:101140002046FFF76DFE013D2806F5D12046FFF74A
:1011500055FE012001B0F0BD43F6A971C0F60101B2
:101160002046FFF763FE2068807C84F82200F0E7C9
:10117000092918BFFFF786BF80B543F6F871C0F69E
:101180000101FFF779FF012080BD000080B52939FA
:101190002A292BD8DFE801F01C2C322A222A2A2AFD
:1011A0002A2A2A2A2A2A2A2A2A2A2A2A2A2A2A2A9F
:1011B0002A2A2A2A2A2A2A2A2A2A2A19192A2A16C5
:1011C00016161600002180F82710012080BD00BFF0
:1011D0000120FCF79DF8012080BD00BF012000BF69
:1011E00000BF00BF00BF00BF80BD00BF0121EAE714
:1011F0000A20FCF78DF8012080BD00BF012000BF50
:1012000080BD0000D0F814C000236047F0B581B065
:1012100017460D460646FFF76DFD30464021FFF7A5
:1012200057FD3469304617212A463B46A0473046D1
:1012300001B0BDE8F040FFF745BD0000002180F897
:10124000261070470169D0E90132D1F804C09A60D4
:101250008445536008BF4A60002202610868013873
:1012600008600868704700004FF2D033C2F20103F3
:1012700003604FF2D010C2F20100086080201060BD
:10128000704700004FF22C43C2F20103036046F2A4
:101290000000C2F2010008604FF4C05010607047B7
:1012A000704700000120FBF709B900004FF0FF3143
:1012B000024642F8081F00214260C0E90322016093
:1012C00070470000002101617047000010B5D1F89F
:1012D00000C01CF1010213D000F108046268136819
:1012E000634511D853681C68644511D85A6814685E
:1012F00064450FD854682368A6466345EED90BE0D1
:101300000269D2F804E007E09646224604E000BFF6
:101310009E4601E096461A46C1F804E0CEF8081051
:101320008A605160086101680131016010BD0000F0
:10133000D0F800C0436808619A68C1E90132516081
:1013400099600CF10101016070470000DFF80C00AA
:10135000016841F4700101607047000088ED00E011
:101360004FF0500080F31188BFF36F8FBFF34F8FA2
:101370004CF29C00C2F2010001684A1C026009B1F3
:10138000704700BF4EF60450CEF200000068000621
:1013900008BF70474FF0500080F31188BFF36F8F84
:1013A000BFF34F8FFEE700004CF29C00C2F2010039
:1013B000016839B10139016018BF7047002080F31E
:1013C000118870474FF0500080F31188BFF36F8F82
:1013D000BFF34F8FFEE7000070B5002808BF70BD57
:1013E0004CF21C34C2F20104217850F8042C00297C
:1013F00018BF4FF0004111420ED0A0F108052B6834
:10140000A3B14FF0500080F31188BFF36F8FBFF38B
:101410004F8F00BFFEE700BF4FF0500080F31188F0
:10142000BFF36F8FBFF34F8FFEE700BF22EA0101CA
:1014300040F8041C064600F0B3FA56F8040CA16804
:101440000144A16004F118010B68AB420AD219688B
:10145000A94213D20B68AB4204D219681A46A942BA
:10146000F2D301E00A4619465368D618AE420AD0B4
:101470002B188B420DD00B4612E000BF1A46536862
:10148000D618AE42F4D11844154650602B188B4242
:10149000F1D16368994203D0D1E900310844686012
:1014A000AA422B6018BF1560606901306061BDE819
:1014B000704001F08DBD00004EF21000CEF2000031
:1014C0000021016081604CF26401C2F201010968EF
:1014D00044F6D352C1F26202A1FB02124FF0FF3177
:1014E00001EB921141600721016070474CF23C30E2
:1014F000EFF305811029C2F2010011D34EF2F03250
:10150000CEF20002895C0278914209D24FF050007D
:1015100080F31188BFF36F8FBFF34F8FFEE700BFDB
:101520004EF60C51CEF200010968406801F4E0610A
:10153000814298BF70474FF0500080F31188BFF38D
:101540006F8FBFF34F8F00BFFEE700004FF2884C54
:10155000C2F2010CDCF8003003B3634653F8082FE5
:10156000EAB1634653F8102FCAB1634653F8182FF7
:10157000AAB1634653F8202F8AB1634653F8282F47
:101580006AB1634653F8302F4AB15CF8382F002A0D
:10159000634608BFC3E90010704700BF6346C3E954
:1015A00000107047F0B14FF28841C2F201014A6861
:1015B00082422CD0CA6882421ED04A6982421DD023
:1015C000CA6982421CD04A6A82421BD0CA6A8242DD
:1015D0001AD04A6B824219D0CA6B82421AD1383172
:1015E00015E000BF4FF0500080F31188BFF36F8FFC
:1015F000BFF34F8FFEE700BF083108E0103106E06F
:10160000183104E0203102E0283100E030310022BE
:10161000C1E9002290F84610002918BF7047FFF773
:10162000DBBE000070B515460E460446FFF798FE77
:1016300094F84400FF2804BF002084F8440094F884
:101640004500FF2804BF002084F84500FFF7ACFEEA
:10165000A06B28B12046BDE87040FDF725BB00BF58
:1016600004F1240031462A4600F092F82046BDE8F5
:101670007040FDF719BB000070B588B34CF26824C8
:10168000C2F20104616949B14FF0500080F3118842
:10169000BFF36F8FBFF34F8FFEE700BF6169064650
:1016A00001316161A569216804310846FFF7CAFD6F
:1016B0002068AD19456005D3206A21680431FFF721
:1016C00005FE08E0E06921680431FFF7FFFDE06AEC
:1016D000854238BFE56201F07BFC002818BF70BD71
:1016E0004EF60450CEF200004FF080510160BFF37F
:1016F0004F8FBFF36F8F70BD4CF26821C2F20101B2
:101700008A6B026089694160704700004CF2682072
:10171000C2F20100012101637047000070B5D8B129
:101720004CF26824C2F201040D4621681831FFF71B
:10173000CDFDA66920680430FFF784FD681C15D034
:101740002068AD19456019D3206A21680431BDE8CD
:101750007040FFF7BBBD00BF4FF0500080F3118811
:10176000BFF36F8FBFF34F8FFEE700BF54F8500BEE
:10177000011D2046BDE87040FFF7DABDE069216831
:101780000431FFF7A3FDE06A854238BFE56270BD12
:10179000F0B581B0C0B14CF26824C2F201040D462C
:1017A000216816461831FFF7C3FDA7692068043089
:1017B000FFF748FD96B154F8500B011D204601B0CB
:1017C000BDE8F040FFF7B4BD4FF0500080F3118842
:1017D000BFF36F8FBFF34F8FFEE700BF2068ED1997
:1017E000456007D3206A2168043101B0BDE8F040AC
:1017F000FFF76CBDE06921680431FFF767FDE06A1F
:10180000854238BFE56201B0F0BD0000F0B581B09F
:1018100018B3026D22B3C36C8B4288BF1946012AEC
:101820001BD1C26A8A4218D04CF26825C2F2010567
:101830002B6898421ED08369C162002B5CBFC1F146
:10184000380181614EF61016416902EB8202C2F244
:10185000010606EB8202914216D001B0F0BD00BF36
:101860004FF0500080F31188BFF36F8FBFF34F8F9D
:10187000FEE700BF4FF0500080F31188BFF36F8F79
:10188000BFF34F8FFEE700BF041D07462046FFF75A
:10189000D9FCF86A696A884288BF686200EB8000F8
:1018A00006EB8000214601B0BDE8F040FFF740BDE7
:1018B00010B588B00020CDE9050006A805A904AA46
:1018C000FFF7D2FC059800283ED0069C002C45D09E
:1018D0005C21049A079107995C2949D107992063F3
:1018E000022084F8590007A80021CDE900104EF22B
:1018F0008560C0F6000028A100230294FCF708FFD1
:101900002046FCF779FD07984CF26824C2F20104E6
:10191000A062B0B101F01CFC411C33D0012810D1F1
:101920004FF0500080F31188BFF36F8FBFF34F8FDC
:101930004FF0FF30E062012020610020A06100F044
:10194000D7F808B010BD00BF4FF0500080F31188E9
:10195000BFF36F8FBFF34F8FFEE700BF4FF0500014
:1019600080F31188BFF36F8FBFF34F8FFEE700BF87
:101970004FF0500080F31188BFF36F8FBFF34F8F8C
:10198000FEE700BF4FF0500080F31188BFF36F8F68
:10199000BFF34F8FFEE700BF49444C4500000000F5
:1019A0004CF26820C2F20100416901314161704787
:1019B00080B54CF2682EC2F2010EDEF8141019B197
:1019C0000121CEF8301080BD0021CEF83010DEF8B5
:1019D00024104EF6101C01EB8102C2F2010C5CF8DF
:1019E0002230002B0CEB82030CD05868426803F1C4
:1019F000080082425A6023D0D068CEF80000CEF8AA
:101A0000241080BD283B19B35A6901EB8100002ADC
:101A10000CEB800226D101291AD0186830BB0229AC
:101A200016D053F8140C28BB032911D053F8280CF6
:101A300004390028A3F15003E5D02833D5E700BFCF
:101A400052685A60D068CEF80000CEF8241080BDED
:101A50004FF0500080F31188BFF36F8FBFF34F8FAB
:101A6000FEE700BFA2F114030139BEE7A2F128038B
:101A70000239BAE7A2F13C030339B6E7B0B520203A
:101A8000FDF708FA002808BFB0BD0025011D05605C
:101A900004460846FFF70AFC20462577B0BD000043
:101AA00010B582B080B1202101910199202915D172
:101AB00000210160011D04460846FFF7F7FB0121E4
:101AC0002046217702B010BD4FF0500080F31188FE
:101AD000BFF36F8FBFF34F8FFEE700BF4FF0500093
:101AE00080F31188BFF36F8FBFF34F8FFEE70000C5
:101AF000B0B584B04EF2004CCEF2000C4CF2702126
:101B0000C4F20F11DCF800294B1C9A420AD14FF0A5
:101B1000500080F31188BFF36F8FBFF34F8F00BF6A
:101B2000FEE700BFDCF800298A4209D14FF05000DF
:101B300080F31188BFF36F8FBFF34F8FFEE700BFB5
:101B40009CF800100291FF218CF800109CF8001006
:101B50008DF807109DF8071001F050024CF23C314F
:101B6000C2F201010A7007224A609DF90720B2F112
:101B7000FF3F6BDC032200BFD31C4B609DF80700C6
:101B800040008DF807009DF90700B0F1FF3F24DC0D
:101B9000931C4B609DF8070040008DF807009DF9ED
:101BA0000700B0F1FF3F18DC531C4B609DF80700A5
:101BB00040008DF807009DF90700B0F1FF3F0CDCF5
:101BC0004A609DF80700043A40008DF807009DF92F
:101BD0000700B0F1FF3FCFDD131D032B36D14FF4CB
:101BE0004070486002988CF80000DCF8200940F44E
:101BF0007000CCF82009DCF8200940F07040CCF8E7
:101C00002009FFF759FC4CF29C04C2F201040025A4
:101C10002560FFF79BFB4EF63470CEF200000168A2
:101C200041F040410160FCF74DFEFFF7C1FE039516
:101C300020684FF0500181F31188BFF36F8FBFF31D
:101C40004F8F013012D000BFFEE700BF4FF05000B1
:101C500080F31188BFF36F8FBFF34F8FFEE700BF94
:101C6000039830B9039820B9039810B90398002855
:101C7000F6D0002004B0B0BD80B54FF0500080F326
:101C80001188BFF36F8FBFF34F8F01F04DF830B164
:101C90004EF60450CEF200004FF08051016000205B
:101CA00080F3118880BD000060B1814214D94FF0EB
:101CB000500080F31188BFF36F8FBFF34F8F00BFC9
:101CC000FEE700BF4FF0500080F31188BFF36F8F25
:101CD000BFF34F8FFEE700BF70B5054650200C469E
:101CE000FDF7D8F8002808BF70BD002680F84660D0
:101CF0000060C0E90F560546FFF732FB2868D5E9BA
:101D00000F12AE6302FB0103013901FB0201C5E9B9
:101D10000103FF20E96085F8440085F8450005F1DE
:101D20001000FFF7C3FA05F12400FFF7BFFAFFF731
:101D30003BFB2846022185F84C10AC6370BD0000C7
:101D400070B582B060B1814214D94FF0500080F379
:101D50001188BFF36F8FBFF34F8F00BFFEE700BF47
:101D60004FF0500080F31188BFF36F8FBFF34F8F98
:101D7000FEE700BF92B350230193019B502B37D154
:101D8000019B0123002682F846301260C2E90F064B
:101D900014460D46FFF7E4FA2068D4E90F12A66353
:101DA00002FB0103013901FB0201C4E90103FF2029
:101DB000E16084F8440084F8450004F11000FFF766
:101DC00075FA04F12400FFF771FAFFF7EDFA02202B
:101DD00084F84C002046A56302B070BD4FF050005F
:101DE00080F31188BFF36F8FBFF34F8FFEE700BF03
:101DF0004FF0500080F31188BFF36F8FBFF34F8F08
:101E0000FEE7000070B505465020FDF743F8044694
:101E100070B30026012084F846602460C4E90F06F0
:101E2000FFF79EFA2068D4E90F12A66302FB0103B4
:101E3000013901FB0201C4E90103FF20E16084F8DC
:101E4000440084F8450004F11000FFF72FFA04F174
:101E50002400FFF72BFAFFF7A7FA20460021002203
:101E6000002384F84C502660C4E9026600F004F9AF
:101E7000204670BD70B582B0D1B350220192019A54
:101E8000502A3FD1019A0122002581F8462009609D
:101E9000C1E90F250C460646FFF762FA2068D4E92F
:101EA0000F12A56302FB0103013901FB0201C4E922
:101EB0000103FF20E16084F8440084F8450004F148
:101EC0001000FFF7F3F904F12400FFF7EFF9FFF733
:101ED0006BFA204600210022002384F84C60256024
:101EE000C4E9025500F0C8F8204602B070BD00BF3A
:101EF0004FF0500080F31188BFF36F8FBFF34F8F07
:101F0000FEE700BF4FF0500080F31188BFF36F8FE2
:101F1000BFF34F8FFEE70000B0B3F0B581B00546C8
:101F20004843503014460E46FCF7B4FF50B3002728
:101F3000014680F84670002E18BF50310160C0E99C
:101F40000F560546FFF70CFA2868D5E90F12AF6364
:101F500002FB0103013901FB0201C5E90103FF2076
:101F6000E96085F8440085F8450005F11000FFF7A9
:101F70009DF905F12400FFF799F9FFF715FA2846B6
:101F800085F84C4001B0F0BD4FF0500080F311884F
:101F9000BFF36F8FBFF34F8FFEE7000070B582B0C5
:101FA00060B1ABB1F1B9EAB14FF0500080F31188E4
:101FB000BFF36F8FBFF34F8FFEE700BF4FF05000AE
:101FC00080F31188BFF36F8FBFF34F8FFEE700BF21
:101FD0004FF0500080F31188BFF36F8FBFF34F8F26
:101FE000FEE700BF51B14AB94FF0500080F31188AD
:101FF000BFF36F8FBFF34F8FFEE700BF50250195F2
:10200000019D502D2ED1019C069E012483F846404F
:10201000002908BF1A461A60C3E90F011C46FFF7E2
:102020009FF92068D4E90F12002502FB0103013952
:1020300001FB0201A563C4E90103FF20E16084F80C
:10204000440084F8450004F11000FFF72FF904F173
:102050002400FFF72BF9FFF7A7F9204684F84C601E
:1020600002B070BD4FF0500080F31188BFF36F8F46
:10207000BFF34F8FFEE700002DE9F04F83B00292CF
:10208000C0B11D460446F9B1022D02D1E06B012812
:102090005CD116460F4600F027FE18BB16B34FF072
:1020A000500080F31188BFF36F8FBFF34F8F00BFD5
:1020B000FEE700BF4FF0500080F31188BFF36F8F31
:1020C000BFF34F8FFEE700BF206C0028DCD04FF03D
:1020D000500080F31188BFF36F8FBFF34F8F00BFA5
:1020E000FEE700BFFFF73CF9A06B022D65D0E16B66
:1020F000884262D30298002800F018816846FFF7F2
:10210000FBFAFFF751F9FFF74BFCFFF729F994F8B9
:102110004400FF2804BF002084F8440094F84500E0
:10212000FF2804BF002084F84500FFF73DF968460A
:1021300002A900F019FD98B12046FCF7B5FD00F0AA
:1021400047FF002003B0BDE8F08F00BF4FF0500004
:1021500080F31188BFF36F8FBFF34F8FFEE700BF8F
:1021600004F11008FFF7FCF8D4F83890E66BFFF79D
:102170001BF9B14516D102994046FFF7CFFA204628
:10218000FCF792FD00F024FF88B94EF60450CEF221
:1021900000004FF080510160BFF34F8FBFF36F8F8E
:1021A00005E000BF2046FCF77FFD00F011FFFFF7C0
:1021B000D7F8A06BE16B884266D2A66B226CDAB1CD
:1021C00039462DB3E068EEF770FAE168206C2268BA
:1021D000091A9142E16003D2A16840420844E060DC
:1021E000A81EB0FA80F040093146002E18BF012128
:1021F0000840361A18E000BF2068A8B9A06800F0AF
:102200001DFE0021B0FA80F0A16040090DE000BF82
:102210006068EEF74AFAD4E90101226C1044884262
:10222000606001D3206860600120711CA16354F8D4
:10223000241FA9B1204600F091FE50B14EF6045083
:10224000CEF200004FF080510160BFF34F8FBFF31B
:102250006F8FFFF7A9F8012003B0BDE8F08F00BF32
:102260000028F6D14EF60450CEF200004FF0805117
:102270000160BFF34F8FBFF36F8FFFF795F8012019
:1022800003B0BDE8F08F00BFE94602AE0CE000BF2E
:102290002046FCF709FD00F09BFEFFF761F8A06BFC
:1022A000E16B8842FFF489AF029800283ED0FFF727
:1022B0007BF8FFF775FBFFF753F894F84400FF280D
:1022C00004BF002084F8440094F84500FF2804BFB0
:1022D000002084F84500FFF767F84846314600F0D3
:1022E00043FC00287FF428AFFFF73AF8D4F838A071
:1022F000D4F83CB0FFF758F8DA45C9D10299404606
:10230000FFF70CFA2046FCF7CFFC00F061FE002836
:10231000C3D14EF60450CEF200004FF08051016060
:10232000BFF34F8FBFF36F8FB7E700BFFFF73CF8E6
:10233000002003B0BDE8F08F2DE9F04700B31D4643
:10234000044639B3022D02D1E06B012852D10E466A
:102350009046FFF7CBF8EFF3118A4FF0500080F36F
:102360001188BFF36F8FBFF34F8FA06B022D1FD06B
:10237000E16B88421CD300208AF31188BDE8F08706
:102380004FF0500080F31188BFF36F8FBFF34F8F72
:10239000FEE700BF206C0028D4D04FF0500080F33F
:1023A0001188BFF36F8FBFF34F8F00BFFEE700BFF1
:1023B00094F84590A06BA76B226C2AB331465DB3AD
:1023C000E068EEF772F9E168206C2268091A914220
:1023D000E16003D2A16840420844E060A81EB0FA60
:1023E00080F040093946002F18BF012108403F1AEC
:1023F0001EE000BF4FF0500080F31188BFF36F8FD5
:10240000BFF34F8FFEE700BF206888B9A06800F0D7
:1024100015FD0020A0600BE06068EEF746F9D4E9F6
:102420000101226C10448842606001D32068606022
:10243000781CB9F1FF0FA06312D154F8240F98B1A2
:10244000204600F08BFD0146B8F1000F4FF001006F
:1024500018BF00290ED18AF31188BDE8F08700BFAC
:1024600009F1010084F8450001208AF31188BDE8D4
:10247000F08700BFC8F800008AF31188BDE8F08734
:1024800060B1026CA2B14FF0500080F31188BFF32D
:102490006F8FBFF34F8F00BFFEE700BF4FF05000BC
:1024A00080F31188BFF36F8FBFF34F8FFEE700BF3C
:1024B00002686AB3B0B50D460446FFF717F8204628
:1024C000EFF311844FF0500181F31188BFF36F8F48
:1024D000BFF34F8F826BC16B8A4215D290F84510C3
:1024E0000132FF29826321D150F8241F09B300F083
:1024F00035FD0146002D4FF0010018BF002919D00D
:10250000286084F31188B0BD002084F31188B0BD29
:102510008268002ACED04FF0500080F31188BFF3BC
:102520006F8FBFF34F8F00BFFEE700BF013180F810
:102530004510012084F31188B0BD000070B1B0B522
:102540008568044600F0CAFB85421CBF0020B0BD70
:10255000E0680138E0600BD00120B0BD4FF05000C2
:1025600080F31188BFF36F8FBFF34F8FFEE700BF7B
:102570002046002100220023FFF77EFD0120B0BD90
:102580002DE9F04F83B0029290B115460446002920
:1025900048D00E4600F0A8FBA0B99DB14FF0500006
:1025A00080F31188BFF36F8FBFF34F8FFEE700BF3B
:1025B0004FF0500080F31188BFF36F8FBFF34F8F40
:1025C000FEE700BFFEF7CCFED4F838A0BAF1000F4A
:1025D00036D0226C52B1D4E9023130461144E16068
:1025E000994224BF2168E160EEF75FF8AAF101008B
:1025F000A06354F8100F70B1204600F0AFFC50B14A
:102600004EF60450CEF200004FF080510160BFF34F
:102610004F8FBFF36F8F0124FEF7C6FE204603B035
:10262000BDE8F08F206C0028B3D04FF0500080F34D
:102630001188BFF36F8FBFF34F8F00BFFEE700BF5E
:102640000298002800F0B4806846FFF755F8FEF7BE
:10265000ABFEFFF7A5F9FEF783FE94F8440004F102
:102660002408FF2804BF002084F8440094F84500A3
:10267000FF2804BF002084F84500FEF795FE684659
:1026800002A900F071FA78B12046FCF70DFB00F0CA
:102690009FFCFEF765FEA56BFEF786FE2DBB0024B2
:1026A000204603B0BDE8F08FFEF75AFEA56BFEF79B
:1026B0007BFE2DB12046FCF7F7FA00F089FC14E010
:1026C00002994046FFF72AF82046FCF7EDFA00F0A1
:1026D0007FFC50B94EF60450CEF200004FF080510E
:1026E0000160BFF34F8FBFF36F8FFEF739FED4F851
:1026F00038A0BAF1000F7FF46CAF4FF00009EB4641
:1027000002AF13E02046FCF7CFFA00F061FCFEF7C1
:1027100027FEA56BFEF748FE002DC0D0FEF720FE79
:10272000D4F838A0BAF1000F7FF453AF0298002814
:102730003ED0FEF739FEFFF733F9FEF711FE94F8AD
:102740004400FF2808BF84F8449094F84500FF280F
:1027500008BF84F84590FEF727FE5846394600F03A
:1027600003FA0028CED1FEF7FBFDA56BFEF71CFE99
:1027700035B12046FCF798FA00F02AFCCEE700BFFE
:1027800002994046FEF7CAFF2046FCF78DFA00F09A
:102790001FFC0028C2D14EF60450CEF200004FF0CC
:1027A00080510160BFF34F8FBFF36F8FB6E700BF5B
:1027B0000024FEF7F9FD204603B0BDE8F08F0000CD
:1027C0002DE9F04381B000283CD00446002943D0D5
:1027D0000D469046FEF78AFEEFF311894FF0500048
:1027E00080F31188BFF36F8FBFF34F8FA66B002E5E
:1027F00040D094F84470226C52B1D4E902011144E3
:10280000E160814224BF2168E1602846EDF74DFF79
:10281000701EFF2FA06333D154F8100F002832D060
:10282000204600F09BFB0146B8F1000F4FF001007D
:1028300003D0002918BFC8F8000089F3118801B03F
:10284000BDE8F0834FF0500080F31188BFF36F8F25
:10285000BFF34F8FFEE700BF206C0028B8D04FF0C9
:10286000500080F31188BFF36F8FBFF34F8F00BF0D
:10287000FEE700BF002089F3118801B0BDE8F083B6
:10288000781C84F84400012089F3118801B0BDE868
:10289000F08300002DE9F04F83B0029160B104464F
:1028A000006C98B14FF0500080F31188BFF36F8F28
:1028B000BFF34F8FFEE700BF4FF0500080F3118849
:1028C000BFF36F8FBFF34F8FFEE700BF0D4600F0E1
:1028D0000BFA58B955B14FF0500080F31188BFF38F
:1028E0006F8FBFF34F8F00BFFEE700BFFEF738FDCD
:1028F000A06BF8B10138A063206810B9FCF7BEFBEB
:10290000A06054F8100F70B1204600F027FB50B1C2
:102910004EF60450CEF200004FF080510160BFF33C
:102920004F8FBFF36F8F0126FEF73EFD304603B099
:10293000BDE8F08F0298002800F0EA806846FEF7B4
:10294000DBFEFEF731FDFFF72BF8FEF709FD94F8EB
:10295000440004F12408FF2804BF002084F8440048
:1029600094F84500FF2804BF002084F84500FEF7D6
:102970001BFD684602A900F0F7F868B12046FCF795
:1029800093F900F025FBFEF7EBFCA56BFEF70CFDC1
:102990004FF000067DBBC9E7FEF7E2FCA56BFEF732
:1029A00003FD3DB12046FCF77FF900F011FB002646
:1029B00021E000BF206808B1002607E0FEF7D0FC48
:1029C000A06800F083FA0646FEF7EEFC0299404646
:1029D000FEF7A4FE2046FCF767F900F0F9FA50B9BB
:1029E0004EF60450CEF200004FF080510160BFF36C
:1029F0004F8FBFF36F8FFEF7B3FCA06B00287FF4FF
:102A000079AF4FF00009EB4602AD11E02046FCF72C
:102A10004BF900F0DDFAFEF7A3FCA76BFEF7C4FC50
:102A2000002F5FD0FEF79CFCA06B00287FF462AF04
:102A3000029800284AD0FEF7B7FCFEF7B1FFFEF778
:102A40008FFC94F84400FF2808BF84F8449094F861
:102A50004500FF2808BF84F84590FEF7A5FC5846BE
:102A6000294600F081F80028D0D1FEF779FCD4F88F
:102A700038A0FEF799FCBAF1000F05D02046FCF70C
:102A800013F900F0A5FACDE7206838B9FEF768FC25
:102A9000A06800F01BFA0646FEF786FC0299404645
:102AA000FEF73CFE2046FCF7FFF800F091FA002804
:102AB000B8D14EF60450CEF200004FF080510160C4
:102AC000BFF34F8FBFF36F8FACE700BF06B34FF07C
:102AD000500080F31188BFF36F8FBFF34F8F00BF9B
:102AE000FEE700BF56B1FEF73BFCD8F8000058B136
:102AF000206B0068C0F1380107E000BF00263046B7
:102B000003B0BDE8F08F00BF0021A068FEF77EFE95
:102B10000026FEF749FC304603B0BDE8F08F000008
:102B200080B170B5866804460D4600F0D7F886423D
:102B300012D020462946FFF7ADFE98B1E168013179
:102B4000E16070BD4FF0500080F31188BFF36F8FCC
:102B5000BFF34F8FFEE700BF0120E1680131E16064
:102B600070BD00BF002070BDB0B548B30C4689B33E
:102B70000546FEF7F5FB4CF2682CC2F2010CDCF8BE
:102B800018302268501C2FD0AE46D5E90050DCF832
:102B90003810A94201D083422ED2181A824229D974
:102BA000101A2060DCF838000024CEF80000DCF8B1
:102BB0001800CEF80400FEF7F7FB2046B0BD00BFBA
:102BC0004FF0500080F31188BFF36F8FBFF34F8F2A
:102BD000FEE700BF4FF0500080F31188BFF36F8F06
:102BE000BFF34F8FFEE700BF0024FEF7DDFB20465A
:102BF000B0BD00BF002020600124FEF7D5FB2046B9
:102C0000B0BD00002DE9F04184B007469000984621
:102C100015460E46FCF73EF9F8B104465C20FCF779
:102C200039F9B8B1DDE90A210023046380F859308D
:102C3000CDE900210446384631462A4643460294EF
:102C4000FBF766FD2046FBF7D7FB012004B0BDE88B
:102C5000F08100BF2046FEF7BFFB4FF0FF3004B00D
:102C6000BDE8F08170B586B00B9CCCB10C9E0EB364
:102C70005C250495049D5C2D26D1049DDDF828C0BB
:102C8000022586F8595005AD3463CDE900C502969A
:102C9000FBF73EFD3046FBF7AFFB059806B070BD75
:102CA0004FF0500080F31188BFF36F8FBFF34F8F49
:102CB000FEE700BF4FF0500080F31188BFF36F8F25
:102CC000BFF34F8FFEE700BF4FF0500080F3118835
:102CD000BFF36F8FBFF34F8FFEE700004CF2682009
:102CE000C2F20100006870474CF26820C2F2010095
:102CF000016900290FBF01204069B0FA80F0400946
:102D000018BF4000704700004CF26820C2F201007A
:102D10008069704780B5FEF7E9FB4CF26820C2F28B
:102D20000100806980BD00002DE9F04381B04CF2C4
:102D30006826C2F20106706950B1706B0130706391
:102D4000FEF7B0FA0024204601B0BDE8F08300BFD2
:102D5000B06910F10109C6F8189020D3F069006835
:102D600050B14FF0500080F31188BFF36F8FBFF365
:102D70004F8F00BFFEE700BFF069316AF16130623A
:102D8000B06B0130B063F069006828B1F069C068C9
:102D9000C068406802E000BF4FF0FF30F062F06AA8
:102DA0004EF610188145C2F2010801D200242EE02F
:102DB000F0690024006813E0F86A716A884288BFED
:102DC000706200EB800008EB80002946FEF7B0FA45
:102DD000F86A3168C96AF269884228BF012410681C
:102DE00090B1F069C068C7683D4655F8040F814549
:102DF0000CD32846FEF726FAB86A0028DCD007F183
:102E00001800FEF71FFAD7E74FF0FF30F062306886
:102E1000C06A00EB800058F82000012888BF012418
:102E2000706B002808BFFEF73DFA306B002818BF12
:102E30000124204601B0BDE8F083000070B588B1E0
:102E40004CF26825C2F20105296888420CD04FF087
:102E5000500080F31188BFF36F8FBFF34F8F00BF17
:102E6000FEE700BF002070BD016D29B30139016587
:102E70004FF000011DD1C26AC36C9A4219D0041DE3
:102E800006462046FEF7DEF9F06CC0F13801F0622C
:102E9000B161696A88424EF6101188BF686200EB22
:102EA0008000C2F2010101EB80002146FEF740FAEA
:102EB0000121084670BD00BF4FF0500080F311881B
:102EC000BFF36F8FBFF34F8FFEE70000002804BFF2
:102ED00000207047F0B581B04CF26825C2F20105C0
:102EE000C16A2A68D26A914218D28269002A04D43F
:102EF0002A68D26AC2F1380282614EF6101642691F
:102F000001EB8101C2F2010606EB81018A420FD07A
:102F10002968C96AC162012001B0F0BDC16C28688E
:102F2000C26A0020914238BF012001B0F0BD00BF4D
:102F3000041D07462046FEF785F92868C06AF86236
:102F4000696A884288BF686200EB800006EB8000F7
:102F50002146FEF7EDF9012001B0F0BD70B5C06863
:102F6000C5686DB105F118042046FEF76BF94CF207
:102F70006826C2F20106706960B106F164001AE0C9
:102F80004FF0500080F31188BFF36F8FBFF34F8F66
:102F9000FEE700BF2C1D2046FEF754F9E86A716A6F
:102FA00088424EF6101188BF706200EB8000C2F2BA
:102FB000010101EB80002146FEF7BAF9E86A3168A9
:102FC000C96A884292BF00200120306370BD0000B2
:102FD0002DE9F0414CF26825C2F20105686968B13B
:102FE000FEF7BEF9686901386861686980B100243C
:102FF000FEF7DAF92046BDE8F08100BF4FF050003F
:1030000080F31188BFF36F8FBFF34F8FFEE700BFD0
:10301000E8680028EBD0686E88B34EF61016C2F24E
:1030200001064FF0010800BF286FC76807F11800BC
:10303000FEF708F93C1D2046FEF704F9F86A696AB4
:10304000884288BF686200EB800006EB8000214662
:10305000FEF76EF9F86A2968C96A884228BFC5F880
:103060003080686E0028DFD1E869006820B1E86927
:10307000C068C068406801E04FF0FF30E8626C6BE8
:103080004CB10126FFF750FE002818BF2E63013C0B
:10309000F8D100206863286B0028A8D04EF60450B1
:1030A000CEF200004FF080510160BFF34F8F01243A
:1030B000BFF36F8FFEF778F92046BDE8F08100007E
:1030C0002DE9F04182B004462C20984615460F4663
:1030D000FBF7E0FE064660B1DDF820C0002086F870
:1030E0002800204639462A464346CDE900C6FBF76C
:1030F00091FB304602B0BDE8F0810000B0B584B06D
:103100002C240394039C2C2C0ED1099D039CADB15F
:10311000DDF820C0022485F82840CDE900C5FBF782
:1031200079FB284604B0B0BD4FF0500080F3118801
:10313000BFF36F8FBFF34F8FFEE700BF4FF050001C
:1031400080F31188BFF36F8FBFF34F8FFEE700004E
:1031500070B586B0FEF704F94CF2E026C2F2010623
:10316000306808BB06F114042046FEF79FF806F10C
:1031700028052846FEF79AF84EF610024EF6B003E0
:10318000C6E902450025C2F20102C2F201030A208B
:1031900010210095FEF702FF306028B143F6470189
:1031A000C0F60101FEF7D2F9FEF7FEF83068D8B19B
:1031B0000020CDE9040005A804A903AAFEF762F8DF
:1031C000DDE903200221059DCDE900104EF62D100A
:1031D000C0F6000009A100230295FFF743FD7060CF
:1031E00010B1012006B070BD4FF0500080F311887F
:1031F000BFF36F8FBFF34F8FFEE700BF546D722098
:1032000053766300E0B110B584B04CF2E024C2F212
:10321000010484462068E8B10529CDE90012CDF803
:1032200008C01BDCFFF760FD0146206802291DD1A4
:10323000069A69460023FEF71FFF04B010BD00BFC9
:103240004FF0500080F31188BFF36F8FBFF34F8FA3
:10325000FEE700BF002004B010BD00BF69461A465B
:103260000023FFF769F804B010BD00BF69460022D3
:103270000023FEF701FF04B010BD30380A2801D248
:1032800001207047002070478A68002A02DC002273
:10329000EDF730BC521E8A604A68C0B2531C4B60C6
:1032A00010707047F1EE100A4FF6FF71C0F2C03196
:1032B00020EA010040F04070E1EE100A704704007F
:1032C00000080000000000000002000100001000E3
:1032D00000000000000000010203040607080900C6
:1032E00000000001020304000000000000000000D4
:1032F000B5AF0008C5AF00083A53544445525200D8
:103300003A535444494E003A5354444F55540000E4
:1033100095370108000000000000000000000000D8
:10332000000000000008000018000000000000007D
:1033300000000000DC37010800000000C0C90120C7
:103340002C0000007D370108000000000000000094
:10335000000000000000000000080000180000004D
:103360000000000000000000E73601080000000037
:1033700000000000000000004437010800000000C9
:10338000000000000000000000000000000000003D
:10339000FB37010800000000ECC901202C000000F0
:1033A000083801080000000020CA01202C0000009D
:1033B000005EBCE2613FDD83C29C7E20A3FD1F4115
:1033C0009DC3217FFCA2401E5F01E3BD3E6082DC05
:1033D000237D9FC1421CFEA0E1BF5D0380DE3C62F5
:1033E000BEE0025CDF81633D7C22C09E1D43A1FFE5
:1033F0004618FAA427799BC584DA3866E5BB5907D5
:10340000DB856739BAE406581947A5FB7826C49AC4
:10341000653BD987045AB8E6A7F91B45C6987A24B4
:10342000F8A6441A99C7257B3A6486D85B05E7B9A4
:103430008CD2306EEDB3510F4E10F2AC2F7193CD94
:10344000114FADF3702ECC92D38D6F31B2EC0E5084
:10345000AFF1134DCE90722C6D33D18F0C52B0EE74
:10346000326C8ED0530DEFB1F0AE4C1291CF2D7364
:10347000CA947628ABF517490856B4EA6937D58B54
:103480005709EBB536688AD495CB2977F4AA481644
:10349000E9B7550B88D6346A2B7597C94A14F6A834
:1034A000742AC896154BA9F7B6E80A54D7896B3524
:1034B0000000000002000000010000000200000007
:1034C00000061016000610166737010800000000FD
:1034D00000000000000000000000000000040000E8
:1034E0001000000000000000000000008C37010800
:1034F00000000000000000000000000000000000CC
:10350000701700000800000000000000000000002C
:103510009E370108000000000000000000000000CD
:10352000000000000010000020000000000000006B
:1035300000000000D23701080000000074E3012001
:103540002C000000333701080000000000000000DC
:10355000000000000000000000000000F03701083B
:1035600000000000A4E301202C0000002137010826
:103570000000000018E4012050000000F8E30120E2
:1035800020000000203801080000000000000000BA
:1035900000000000153801080000000000000000D5
:1035A0000000000073370108000000000000000068
:1035B00000000000000000000010000010000000EB
:1035C0000000000000000000333801080000000087
:1035D0000000000000000000B437010800000000F7
:1035E00000000000000000000000000000200000BB
:1035F000180000000000000000000000F93601087B
:103600000000000000000000000000005737010823
:1036100000000000C0E7012050000000C0E60120CB
:1036200000010000C3370108000000000000000096
:10363000000000000000000000080000180000006A
:103640000000000000000000AC360108000000008F
:103650000000000000000000C0360108000000006B
:1036600070ED012020000000A737010800000000D5
:103670000000000000000000000000000008000042
:1036800018000000000000000000000008370108DA
:10369000000000000000000000000000D736010814
:1036A000000000000000000000000000736275735D
:1036B0005F646174615F72656164795F30315F007E
:1036C000736275735F646174615F72656164795F71
:1036D0006576656E745F007370695F74785F6669A4
:1036E0006E697368656400626C7565746F6F746889
:1036F0005F74785F69646C65007061636B65745FAB
:1037000074785F69646C650073657269616C5F737E
:103710006572766F5F72785F636F6D706C657465EC
:10372000006D6F76696E675F6374726C5F7175654B
:103730007565006C76676C5F6576656E745F717534
:1037400065756500626C7565746F6F74685F747819
:103750005F7175657565007061636B65745F747822
:103760005F71756575650064656661756C7454613B
:10377000736B006F6C65645F7461736B00626C7572
:1037800065746F6F74685F7461736B006775695FF0
:103790007461736B006170705F7461736B00696D4D
:1037A000755F7461736B00736275735F72785F74B9
:1037B00061736B007061636B65745F72785F7461D5
:1037C000736B007061636B65745F74785F746173B1
:1037D0006B006C65645F74696D657200626174741E
:1037E0006572795F636865636B5F74696D657200AC
:1037F0006C76676C5F74696D657200627574746F66
:103800006E5F74696D65720062757A7A65725F7455
:10381000696D6572006F6C65645F6D7574657800C5
:103820006D7075363035305F646174615F726561EB
:103830006479007061636B65745F72785F6E6F743A
:103840005F656D70747900546D7251005345474740
:103850004552005465726D696E616C006C776D65E0
:103860006D5F6D7574657800484944006C6564311E
:103870005F6374726C5F71757175650062757A7AD9
:103880006572315F6374726C5F717571756500008C
:10389000650B0108A50B010829010108BE00020201
:1038A00003030304040707000006000600011A02D0
:1038B0005706F0200500F101210631F119292207F0
:1038C0001BF7495600230A2DF3AB86AA86AA0024CB
:1038D0000A35F11B2AEF34740425082DF1912B577A
:1038E00053260B35F15B190E99625C0027061AF717
:1038F000510A280732F153CD00290832F189A95223
:10390000002A092DF3ADAAD58C002B0A2DF1CD2864
:103910000E9951042C061AF1510A2D060DF51902C3
:103920002E0612F119012F082DF147B91B01300A9B
:1039300035F15B71A5A9D302310672F15B1D320A24
:1039400035F15B39CA9CD110330A35F15B396AA86D
:10395000D302340B35F1CF32A5A1334A00350B35F4
:10396000F1B9D1C830A3A100360B35F15B198D94A4
:10397000755A00370B35F1191AE51A651401380A22
:1039800035F15B39ADACD302390B35F15B59A791F9
:10399000515A003A0832F119198D003B0832F119D9
:1039A0005129003C072BF14D75013D081DF3191AF3
:1039B0000E013E072BF1C955093F0935F15BB94DA1
:1039C0004700400B35F15B598D94543502410A355F
:1039D000F15B598F917500420B35F119290F95F55F
:1039E0005000430B35F11B1A659451862344093569
:1039F000F11929BB8702450B35F1B9D14819653456
:103A000004460C35F1B9D1481965941100470B35BE
:103A1000F11B1AA591751A01480935F1C97A8C6C08
:103A200007490B35F11932A38C328A434A0B35F121
:103A3000D728A38C745A004B0A35F1C93295B3CA02
:103A4000014C0C35F1C928A38C32CA68084D0A35DF
:103A5000F1C96B2595B40E4E0A35F1C95325B975D8
:103A6000004F0935F15BD99D1600500B35F119292E
:103A7000EBA132CA08510A35F15BD94A32AA005289
:103A80000A35F11929EBA1CA28530B36F11B1B6B20
:103A9000ACF15800540C35F11932A38C32CA28020B
:103AA000550835F1C9DE6901560D37F1C930E59881
:103AB000AB8C6A9801570935F1C95652E90E58097D
:103AC00035F1C9A9AE6A1D590C35F1C9A9CE28A393
:103AD0008C22005A0C36F1B95146196594D1185B05
:103AE0000732F1592D015C0A2DF1C930C30C330C9A
:103AF0005D0732F151AD015E071DF7CDA90E5F06DE
:103B00000DF11902600612F98901610A2DF1DB300D
:103B10000D9D4600620A35F1C928995A0F05630ABE
:103B20002DF11B1A6594E108640A35F147C9DC3AA6
:103B30008D00650A2DF15B798C0C4700660B35F121
:103B40005D79A88C32CA00670A2DF11B3A8D8C86EC
:103B500002680935F1C92899DA0E6906B1F14923DD
:103B60006A0A35F14799CE48A7056B0A34F1C95165
:103B70002599CA006C0672F1513D6D0A2DF1512D47
:103B8000955452056E082DF149A6B6036F082DF124
:103B90005BD94E0B700B2DF119290F955146007111
:103BA0000A2DF11B3A8D8C320A720A2DF149A64674
:103BB000196504730A2DF11B1A6E381400740B3545
:103BC000F1CB43659451860375082DF1C94EA502CA
:103BD000760A2DF1C93A9529470077092DF1C95682
:103BE000525D0078092DF1C9A9AEEA00790A2DF1DC
:103BF000C93A8D8C86027A082DF119BA3D047B08EA
:103C000033F14D75CC017C0571F1397D0833F1C973
:103C1000554C117E081DF3CBA94E00A10631F14988
:103C200023A20B35F1CD43C594478C00A30A35F18F
:103C30009519CD8CF210A40A74F189494599540C58
:103C4000A50A35F1C9A9CE3BA308A60631F1910218
:103C5000A70B36F11B1B8F38321E0BA8060BFB4936
:103C600001A90B3DF1B9D2D850C9A804AA082BF379
:103C700099438D00AB071DF38BB201AC081DF11900
:103C80001A6514AD050BF519AE0735F1EBFF07AF5B
:103C9000060DFB1902B0071BF7196904B10825F3DB
:103CA0008D43C621B2072BF3D1690EB3072BF3D195
:103CB0001700B40612F95300B5092DF1C9E6501AE0
:103CC00001B60C35F11B2AA94AC5145300B70509E2
:103CD000F709B80613F15D00B9062AF35B0DBA07C0
:103CE0002BF3ABAC0ABB081DF389A54C00BC09340F
:103CF000F1AFC6A11400BD0934F1AF46944901BE2D
:103D00000A36F1CF30CFAEA401BF0835F1CD74D75C
:103D100002C00A3DF1D9E4CA63641DC10A3DF1DD68
:103D200078E531B20EC20B3DF1CD29AE3C46D6014D
:103D3000C30A3DF1EB5E798CAC03C40A3DF1ABA93B
:103D400095C7C83AC50B3DF15B39AD3C46D601C6B7
:103D50000B35F11B2AA638564C03C70B35F11B1A3D
:103D60006538729400C80C3DF1D9D4D868A48C860B
:103D700000C90B3DF1DD706C34524643CA0C3DF175
:103D8000CD298D8D46CA6808CB0C3DF1ABF1D868C2
:103D9000A48C8600CC0C3DF1D9D490196514870011
:103DA000CD0B3DF1DD70C88C328A43CE0C3DF1CD98
:103DB000290D9951467108CF0C3DF1ABF190196571
:103DC000148700D00B35F119298FA4F55000D10AC2
:103DD0003DF1EBCC5325B903D20A3DF1D9E4CA76C3
:103DE0005A00D30A3DF1DD78653B2D00D40A3DF140
:103DF000CD29AE6CA705D5093DF1EB5ED94E0BD6AA
:103E00000A3DF1ABA995EDB400D7092DF1C9A9AED2
:103E1000EA00D80A35F15B59AE34D302D9093DF135
:103E2000D95476A705DA093DF1DD30BBD302DB09B1
:103E30003DF1CDA976A705DC093DF1AB7176A7056B
:103E4000DD0C3DF1DD30A73AA38C2200DE0B35F10D
:103E5000C968A4AC87CA08DF0A35F19371C52A2B5B
:103E600005E00B3DF1D9E48669E83402E10B3DF150
:103E7000DD78C334741A01E20B3DF1CD296E9886CA
:103E80004E23E30B3DF1EBDE300D9D4600E40B3D90
:103E9000F1ABA90DD3D06904E50B3DF15B396D9809
:103EA000864E23E6092DF1AB535A7512E70B35F117
:103EB0001B1A6538729400E80B3DF1D9E4CA6364BB
:103EC0003802E90B3DF1DD78E531321C01EA0B3DAA
:103ED000F1CD29AE3C468623EB0B3DF1ABA995C74E
:103EE000C87004EC073BF1D96407ED08BBF1D93881
:103EF0003601EE087BF16BA3D802EF097BF14999FB
:103F00008A2D00F00A35F1DD280DADD302F1093D0F
:103F1000F1EB4CA6B603F20A3DF1D9E4CA765A0099
:103F2000F30A3DF1DD78653B2D00F40A3DF1CD2922
:103F3000AE6CA705F5093DF1EB5ED94E0BF60A3DD7
:103F4000F1ABA995EDB400F7092DF1CDD4D054040F
:103F5000F80A2DF15B71A5991600F9093DF1D954C4
:103F6000762A15FA093DF1DD303B950AFB093DF152
:103F7000CDA9762A15FC093DF1AB71762A15FD0B0A
:103F80003DF1DD30EB34321A0AFE0C35F1C968A47C
:103F90003C54461901FF0C3DF1AB71D669643414F1
:103FA0000000000004FFFF00001815A115C819FF4C
:103FB0001815A015C019FF1815AE15D5168015A82F
:103FC000161F15D316001540158D16141520160052
:103FD00015A115C815DA16021581168F15D916F117
:103FE00015DB1640152E15A415A619FF1815AF19C7
:103FF000FF1815AE19FF00000001140A6464323284
:1040000000127A00000428961004000080002000AE
:104010004040010800C00120A0000000EC010008A1
:10402000404001080000002000C001000C02000810
:10403000E0400108A0C00120283C00000C0200085C
:104040000000000000000000000000001000000060
:10405000010000002D2D2D2E2D2D2D2E2D2D2D2E40
:104060002D2D2D0000000000000000002D2D2D2E14
:104070002D2D2D2E2D2D2D2E2D2D2D00000000004F
:1040800000000000683801080300000051880008A3
:1040900001880008A5840008258A00086D8B0008A7
:1040A000000000000024F400F03201086A00000063
:1040B00068C0012068C0012000000000000000006E
:1040C00000000000000000100000010000000020BF
:1040D00000C000000000000000000000AAAAAAAA78
:040000050800018965
:00000001FF
